<?xml version = '1.0' encoding = 'UTF-8'?>
<UserOraclev10g class="oracle.dbtools.crest.model.design.storage.oracle.v10g.UserOraclev10g" name="UBD4432" directorySegmentName="seg_0" id="19BEBDEC-3399-3CCF-4475-3763766B251B">
<sourceConnName>afrodita</sourceConnName>
<sourceObjName>UBD4432</sourceObjName>
<createdBy>miguel</createdBy>
<createdTime>2023-10-04 10:08:35 UTC</createdTime>
<ownerDesignName>motogp</ownerDesignName>
<schemaObject>C65BAAFF-E1C0-89A5-9E39-3C8FD4C7CCA2</schemaObject>
</UserOraclev10g>
