<?xml version = '1.0' encoding = 'UTF-8'?>
<Entity class="oracle.dbtools.crest.model.design.logical.Entity" directorySegmentName="seg_0" id="570358E7-CA72-FB8E-AD29-C94DBD600B26" name="MENSAJE">
<createdBy>miguel</createdBy>
<createdTime>2023-10-06 14:37:41 UTC</createdTime>
<ownerDesignName>foro</ownerDesignName>
<engineerTo>
<item key="032140E8-DAB0-9218-DBAE-370C2D443590" value="true"/>
</engineerTo>
<adequatelyNormalized>NO</adequatelyNormalized>
<expectedVolumes>0</expectedVolumes>
<fwdEngineeringStrategyName>Single Table</fwdEngineeringStrategyName>
<growthPercent>0</growthPercent>
<growthType>Year</growthType>
<maxVolumes>9999999</maxVolumes>
<minVolumes>0</minVolumes>
<normalForm>Third</normalForm>
<attributes itemClass="oracle.dbtools.crest.model.design.logical.Attribute">
<Attribute name="fecha_creacion" id="F2BE8E88-0538-81D5-F469-585EFCFD5F53">
<createdBy>miguel</createdBy>
<createdTime>2023-10-06 14:37:49 UTC</createdTime>
<ownerDesignName>foro</ownerDesignName>
<engineerTo>
<item key="032140E8-DAB0-9218-DBAE-370C2D443590" value="true"/>
</engineerTo>
<useDomainConstraints>false</useDomainConstraints>
<use>1</use>
<logicalDatatype>LOGDT007</logicalDatatype>
<ownDataTypeParameters>,,</ownDataTypeParameters>
</Attribute>
<Attribute name="contenido" id="A26A1FBE-D0FE-4FCE-75F2-0F185193AD15">
<createdBy>miguel</createdBy>
<createdTime>2023-10-06 14:38:24 UTC</createdTime>
<ownerDesignName>foro</ownerDesignName>
<engineerTo>
<item key="032140E8-DAB0-9218-DBAE-370C2D443590" value="true"/>
</engineerTo>
<nullsAllowed>true</nullsAllowed>
<useDomainConstraints>false</useDomainConstraints>
<use>1</use>
<logicalDatatype>LOGDT024</logicalDatatype>
<dataTypeSize>200 CHAR</dataTypeSize>
<ownDataTypeParameters>200 CHAR,,</ownDataTypeParameters>
</Attribute>
<Attribute name="titulo" id="88D56235-2120-2382-35D1-4F670EC5ECAF">
<createdBy>miguel</createdBy>
<createdTime>2023-10-06 14:39:18 UTC</createdTime>
<ownerDesignName>foro</ownerDesignName>
<engineerTo>
<item key="032140E8-DAB0-9218-DBAE-370C2D443590" value="true"/>
</engineerTo>
<nullsAllowed>true</nullsAllowed>
<useDomainConstraints>false</useDomainConstraints>
<use>1</use>
<logicalDatatype>LOGDT024</logicalDatatype>
<dataTypeSize>30 CHAR</dataTypeSize>
<ownDataTypeParameters>30 CHAR,,</ownDataTypeParameters>
</Attribute>
<Attribute name="codigo" id="25E1E4FA-C64C-4523-DDAB-C5F3DFC0B200">
<createdBy>miguel</createdBy>
<createdTime>2023-10-06 15:14:45 UTC</createdTime>
<generatorID>F6069ECF-85DB-2E5B-825D-4FE4F1FAB210</generatorID>
<ownerDesignName>foro</ownerDesignName>
<engineerTo>
<item key="032140E8-DAB0-9218-DBAE-370C2D443590" value="true"/>
</engineerTo>
<referedAttribute>373F5380-DA54-E956-8565-83923438895C</referedAttribute>
<useDomainConstraints>false</useDomainConstraints>
<use>1</use>
<logicalDatatype>LOGDT011</logicalDatatype>
<ownDataTypeParameters>,,</ownDataTypeParameters>
</Attribute>
<Attribute name="codigo1" id="FC3D7827-C9D9-B328-EBD1-2FB7D0E8FCD8">
<createdBy>miguel</createdBy>
<createdTime>2023-10-06 15:15:00 UTC</createdTime>
<generatorID>005066B5-A3CB-B2D5-4B12-C75F77A42745</generatorID>
<ownerDesignName>foro</ownerDesignName>
<engineerTo>
<item key="032140E8-DAB0-9218-DBAE-370C2D443590" value="true"/>
</engineerTo>
<referedAttribute>35175744-6924-B373-0FF1-5E08C610F836</referedAttribute>
<useDomainConstraints>false</useDomainConstraints>
<use>1</use>
<logicalDatatype>LOGDT011</logicalDatatype>
<ownDataTypeParameters>,,</ownDataTypeParameters>
</Attribute>
</attributes>
<identifiers itemClass="oracle.dbtools.crest.model.design.logical.CandidateKey">
<identifier id="542AD642-13DA-945F-83B4-410E6664ED91" name="MENSAJE PK">
<createdBy>miguel</createdBy>
<createdTime>2023-10-06 14:39:35 UTC</createdTime>
<ownerDesignName>foro</ownerDesignName>
<shouldEngineer>false</shouldEngineer>
<engineerTo>
<item key="032140E8-DAB0-9218-DBAE-370C2D443590" value="false"/>
</engineerTo>
<pk>true</pk>
<usedAttributes>
<attributeRef>F2BE8E88-0538-81D5-F469-585EFCFD5F53</attributeRef>
<attributeRef>25E1E4FA-C64C-4523-DDAB-C5F3DFC0B200</attributeRef>
<attributeRef>FC3D7827-C9D9-B328-EBD1-2FB7D0E8FCD8</attributeRef>
</usedAttributes>
</identifier>
</identifiers>
</Entity>
