<?xml version = '1.0' encoding = 'UTF-8'?>
<Entity class="oracle.dbtools.crest.model.design.logical.Entity" directorySegmentName="seg_0" id="B953A0E4-E55A-E7A1-E469-C8964A5F8DF7" name="DEBATE">
<createdBy>miguel</createdBy>
<createdTime>2023-10-06 15:06:33 UTC</createdTime>
<ownerDesignName>foro</ownerDesignName>
<engineerTo>
<item key="032140E8-DAB0-9218-DBAE-370C2D443590" value="true"/>
</engineerTo>
<adequatelyNormalized>NO</adequatelyNormalized>
<expectedVolumes>0</expectedVolumes>
<fwdEngineeringStrategyName>Single Table</fwdEngineeringStrategyName>
<growthPercent>0</growthPercent>
<growthType>Year</growthType>
<maxVolumes>9999999</maxVolumes>
<minVolumes>0</minVolumes>
<normalForm>Third</normalForm>
<attributes itemClass="oracle.dbtools.crest.model.design.logical.Attribute">
<Attribute name="codigo" id="35175744-6924-B373-0FF1-5E08C610F836">
<createdBy>miguel</createdBy>
<createdTime>2023-10-06 15:06:39 UTC</createdTime>
<ownerDesignName>foro</ownerDesignName>
<engineerTo>
<item key="032140E8-DAB0-9218-DBAE-370C2D443590" value="true"/>
</engineerTo>
<useDomainConstraints>false</useDomainConstraints>
<use>1</use>
<logicalDatatype>LOGDT011</logicalDatatype>
<ownDataTypeParameters>,,</ownDataTypeParameters>
</Attribute>
<Attribute name="fecha_cierre" id="786D8865-8E62-4314-7F5A-C50F86989DFF">
<createdBy>miguel</createdBy>
<createdTime>2023-10-06 15:07:03 UTC</createdTime>
<ownerDesignName>foro</ownerDesignName>
<engineerTo>
<item key="032140E8-DAB0-9218-DBAE-370C2D443590" value="true"/>
</engineerTo>
<nullsAllowed>true</nullsAllowed>
<useDomainConstraints>false</useDomainConstraints>
<use>1</use>
<logicalDatatype>LOGDT007</logicalDatatype>
<ownDataTypeParameters>,,</ownDataTypeParameters>
</Attribute>
<Attribute name="fecha_creacion" id="BC0281F9-264E-9E0D-EDF8-AF2A440DDA70">
<createdBy>miguel</createdBy>
<createdTime>2023-10-06 15:15:27 UTC</createdTime>
<generatorID>A9EAFCD1-A10C-DDA3-D967-A909736EFF32</generatorID>
<ownerDesignName>foro</ownerDesignName>
<engineerTo>
<item key="032140E8-DAB0-9218-DBAE-370C2D443590" value="true"/>
</engineerTo>
<referedAttribute>F2BE8E88-0538-81D5-F469-585EFCFD5F53</referedAttribute>
<useDomainConstraints>false</useDomainConstraints>
<use>1</use>
<logicalDatatype>LOGDT007</logicalDatatype>
<ownDataTypeParameters>,,</ownDataTypeParameters>
</Attribute>
<Attribute name="codigo1" id="9CD3EC7B-F84F-E558-D67D-C77913D4AEA4">
<createdBy>miguel</createdBy>
<createdTime>2023-10-06 15:15:27 UTC</createdTime>
<generatorID>A9EAFCD1-A10C-DDA3-D967-A909736EFF32</generatorID>
<ownerDesignName>foro</ownerDesignName>
<engineerTo>
<item key="032140E8-DAB0-9218-DBAE-370C2D443590" value="true"/>
</engineerTo>
<referedAttribute>25E1E4FA-C64C-4523-DDAB-C5F3DFC0B200</referedAttribute>
<useDomainConstraints>false</useDomainConstraints>
<use>1</use>
<logicalDatatype>LOGDT011</logicalDatatype>
<ownDataTypeParameters>,,</ownDataTypeParameters>
</Attribute>
<Attribute name="codigo11" id="7C69A4EF-32BD-B219-272B-20D3C4B1D9EF">
<createdBy>miguel</createdBy>
<createdTime>2023-10-06 15:15:27 UTC</createdTime>
<generatorID>A9EAFCD1-A10C-DDA3-D967-A909736EFF32</generatorID>
<ownerDesignName>foro</ownerDesignName>
<engineerTo>
<item key="032140E8-DAB0-9218-DBAE-370C2D443590" value="true"/>
</engineerTo>
<referedAttribute>FC3D7827-C9D9-B328-EBD1-2FB7D0E8FCD8</referedAttribute>
<useDomainConstraints>false</useDomainConstraints>
<use>1</use>
<logicalDatatype>LOGDT011</logicalDatatype>
<ownDataTypeParameters>,,</ownDataTypeParameters>
</Attribute>
<Attribute name="codigo2" id="9CCFA17B-1A16-A18C-3DB3-920CE3C42126">
<createdBy>miguel</createdBy>
<createdTime>2023-10-06 15:16:51 UTC</createdTime>
<generatorID>ACD39E29-66C8-1CE7-6127-45DE89A13CB4</generatorID>
<ownerDesignName>foro</ownerDesignName>
<engineerTo>
<item key="032140E8-DAB0-9218-DBAE-370C2D443590" value="true"/>
</engineerTo>
<nullsAllowed>true</nullsAllowed>
<referedAttribute>35175744-6924-B373-0FF1-5E08C610F836</referedAttribute>
<useDomainConstraints>false</useDomainConstraints>
<use>1</use>
<logicalDatatype>LOGDT011</logicalDatatype>
<ownDataTypeParameters>,,</ownDataTypeParameters>
</Attribute>
<Attribute name="nombre" id="5DCD6561-44EE-6EFC-2600-8A5C17F0913C">
<createdBy>miguel</createdBy>
<createdTime>2023-10-06 15:17:42 UTC</createdTime>
<generatorID>30DB5258-15BF-2ED8-1153-A81CDCAF0756</generatorID>
<ownerDesignName>foro</ownerDesignName>
<engineerTo>
<item key="032140E8-DAB0-9218-DBAE-370C2D443590" value="true"/>
</engineerTo>
<nullsAllowed>true</nullsAllowed>
<referedAttribute>76F40705-4F76-6886-A620-3F1334534FC6</referedAttribute>
<useDomainConstraints>false</useDomainConstraints>
<use>1</use>
<logicalDatatype>LOGDT024</logicalDatatype>
<dataTypeSize>20 CHAR</dataTypeSize>
<ownDataTypeParameters>,,</ownDataTypeParameters>
</Attribute>
</attributes>
<identifiers itemClass="oracle.dbtools.crest.model.design.logical.CandidateKey">
<identifier id="7BF00F22-F8AE-0711-3243-C4B03662E78B" name="DEBATE PK">
<createdBy>miguel</createdBy>
<createdTime>2023-10-06 15:06:47 UTC</createdTime>
<ownerDesignName>foro</ownerDesignName>
<shouldEngineer>false</shouldEngineer>
<engineerTo>
<item key="032140E8-DAB0-9218-DBAE-370C2D443590" value="false"/>
</engineerTo>
<pk>true</pk>
<usedAttributes>
<attributeRef>35175744-6924-B373-0FF1-5E08C610F836</attributeRef>
</usedAttributes>
</identifier>
</identifiers>
</Entity>
