<?xml version = '1.0' encoding = 'UTF-8'?>
<Relation class="oracle.dbtools.crest.model.design.logical.Relation" name="Relation_19" directorySegmentName="seg_0" id="30DB5258-15BF-2ED8-1153-A81CDCAF0756">
<createdBy>miguel</createdBy>
<createdTime>2023-10-06 15:17:42 UTC</createdTime>
<ownerDesignName>foro</ownerDesignName>
<engineerTo>
<item key="032140E8-DAB0-9218-DBAE-370C2D443590" value="true"/>
</engineerTo>
<sourcePk>DB20D652-53BD-C125-3194-5C6748F400AB</sourcePk>
<identifying>false</identifying>
<nameOnSource>CONTIENE</nameOnSource>
<nameOnTarget>PERTENECE</nameOnTarget>
<optionalSource>true</optionalSource>
<optionalTarget>true</optionalTarget>
<sourceCardinality>1</sourceCardinality>
<sourceEntity>4CE8B2CF-1871-3856-6FF5-43F7124A3747</sourceEntity>
<targetCardinalityString>*</targetCardinalityString>
<targetEntity>B953A0E4-E55A-E7A1-E469-C8964A5F8DF7</targetEntity>
<transferable>true</transferable>
<deleteRule>NO ACTION</deleteRule>
</Relation>
