<?xml version = '1.0' encoding = 'UTF-8'?>
<Relation class="oracle.dbtools.crest.model.design.logical.Relation" name="Relation_18" directorySegmentName="seg_0" id="ACD39E29-66C8-1CE7-6127-45DE89A13CB4">
<createdBy>miguel</createdBy>
<createdTime>2023-10-06 15:16:51 UTC</createdTime>
<ownerDesignName>foro</ownerDesignName>
<engineerTo>
<item key="032140E8-DAB0-9218-DBAE-370C2D443590" value="true"/>
</engineerTo>
<targetPk>7BF00F22-F8AE-0711-3243-C4B03662E78B</targetPk>
<identifying>false</identifying>
<nameOnSource>SIGUIENTE</nameOnSource>
<nameOnTarget>ANTERIOR</nameOnTarget>
<optionalSource>true</optionalSource>
<optionalTarget>true</optionalTarget>
<sourceCardinality>1</sourceCardinality>
<sourceEntity>B953A0E4-E55A-E7A1-E469-C8964A5F8DF7</sourceEntity>
<targetCardinalityString>1</targetCardinalityString>
<targetEntity>B953A0E4-E55A-E7A1-E469-C8964A5F8DF7</targetEntity>
<transferable>true</transferable>
<deleteRule>NO ACTION</deleteRule>
</Relation>
