<?xml version = '1.0' encoding = 'UTF-8'?>
<Relation class="oracle.dbtools.crest.model.design.logical.Relation" name="Relation_15" directorySegmentName="seg_0" id="F6069ECF-85DB-2E5B-825D-4FE4F1FAB210">
<createdBy>miguel</createdBy>
<createdTime>2023-10-06 15:14:45 UTC</createdTime>
<ownerDesignName>foro</ownerDesignName>
<engineerTo>
<item key="032140E8-DAB0-9218-DBAE-370C2D443590" value="true"/>
</engineerTo>
<sourcePk>B47E45DE-95AA-D5FA-569F-D237AAFDC970</sourcePk>
<identifying>true</identifying>
<nameOnSource>CREA</nameOnSource>
<nameOnTarget> CREADOR</nameOnTarget>
<optionalSource>true</optionalSource>
<optionalTarget>false</optionalTarget>
<sourceCardinality>1</sourceCardinality>
<sourceEntity>F7C4F6D0-C76A-1E24-E03C-6863D9ABCED4</sourceEntity>
<targetCardinalityString>*</targetCardinalityString>
<targetEntity>570358E7-CA72-FB8E-AD29-C94DBD600B26</targetEntity>
<transferable>true</transferable>
<deleteRule>NO ACTION</deleteRule>
</Relation>
