<?xml version = '1.0' encoding = 'UTF-8'?>
<TableProxyOraclev12c class="oracle.dbtools.crest.model.design.storage.oracle.v12c.TableProxyOraclev12c" name="DOCUMENTO" directorySegmentName="seg_0" id="14294204-A240-08A8-03D7-80B1E060F599">
<createdBy>miguel</createdBy>
<createdTime>2023-10-25 09:38:05 UTC</createdTime>
<ownerDesignName>paginas_y_documentos</ownerDesignName>
<schemaObject>A1B82651-5333-701C-F92A-43F90D3D7046</schemaObject>
<logging>YES</logging>
<partitionedRowMovement>DISABLE</partitionedRowMovement>
<segment>5C1D1CB4-14EF-FC27-5059-B8CB60BCAF33</segment>
<tableSpace>09DC0155-1E9E-9114-28E2-17CB49C943FB</tableSpace>
<temporaryChanged>false</temporaryChanged>
<accessDriverType>oracle_loader</accessDriverType>
<rejectLimit></rejectLimit>
<inMemory>NO</inMemory>
<columnProxies itemClass="oracle.dbtools.crest.model.design.storage.oracle.v12c.ColumnProxyOraclev12c">
<ColumnProxy name="DIRECTORIO" id="4998D3E1-351F-2D55-3BC8-227FFA203948">
<createdBy>miguel</createdBy>
<createdTime>2023-10-25 09:38:05 UTC</createdTime>
<ownerDesignName>paginas_y_documentos</ownerDesignName>
</ColumnProxy>
<ColumnProxy name="FECHA_CREACION" id="5D3444A9-FC64-5C78-99B4-588B8AEAAB23">
<createdBy>miguel</createdBy>
<createdTime>2023-10-25 09:38:05 UTC</createdTime>
<ownerDesignName>paginas_y_documentos</ownerDesignName>
</ColumnProxy>
<ColumnProxy name="COMENTARIO" id="9C2A39F9-B810-F56A-9183-9BE88AD18650">
<createdBy>miguel</createdBy>
<createdTime>2023-10-25 09:38:05 UTC</createdTime>
<ownerDesignName>paginas_y_documentos</ownerDesignName>
</ColumnProxy>
<ColumnProxy name="TAMANO" id="D97C886D-A012-962C-FD6D-AC51BC8E6276">
<createdBy>miguel</createdBy>
<createdTime>2023-10-25 09:38:05 UTC</createdTime>
<ownerDesignName>paginas_y_documentos</ownerDesignName>
</ColumnProxy>
<ColumnProxy name="NOMBRE" id="F6F2FA7F-7014-7A85-D683-C8F3C5B15B0B">
<createdBy>miguel</createdBy>
<createdTime>2023-10-25 09:38:05 UTC</createdTime>
<ownerDesignName>paginas_y_documentos</ownerDesignName>
</ColumnProxy>
<ColumnProxy name="APLICACION" id="FF9924EA-039E-265E-5245-6462A52816D4">
<createdBy>miguel</createdBy>
<createdTime>2023-10-25 09:38:05 UTC</createdTime>
<ownerDesignName>paginas_y_documentos</ownerDesignName>
</ColumnProxy>
</columnProxies>
<indexProxies>
<IndexProxy class="oracle.dbtools.crest.model.design.storage.oracle.v10g.IndexProxyOraclev10g" name="PRIMARIA_DOCUMENTO" id="5E85977F-65A7-073B-93D6-25CA058FC3AC">
<createdBy>miguel</createdBy>
<createdTime>2023-10-25 09:38:06 UTC</createdTime>
<ownerDesignName>paginas_y_documentos</ownerDesignName>
<schemaObject>A1B82651-5333-701C-F92A-43F90D3D7046</schemaObject>
<segment>5EB140A3-4F16-1F17-65A6-23505D0C696B</segment>
<tableSpace>09DC0155-1E9E-9114-28E2-17CB49C943FB</tableSpace>
</IndexProxy>
</indexProxies>
<foreignKeys>
<ForeignKey class="oracle.dbtools.crest.model.design.storage.oracle.v10g.FKProxyOraclev10g" name="NOM_APLICACION" id="5469C569-7546-6828-3BE4-C6FE63E0C5CC">
<createdBy>miguel</createdBy>
<createdTime>2023-10-25 09:38:06 UTC</createdTime>
<ownerDesignName>paginas_y_documentos</ownerDesignName>
</ForeignKey>
</foreignKeys>
<primaryKeys>
<PrimaryKey class="oracle.dbtools.crest.model.design.storage.oracle.v10g.PKProxyOraclev10g" name="PRIMARIA_DOCUMENTO" id="8898D29D-4385-810A-4C9A-08ACEDD1FA64">
<createdBy>miguel</createdBy>
<createdTime>2023-10-25 09:38:06 UTC</createdTime>
<ownerDesignName>paginas_y_documentos</ownerDesignName>
<segment>5EB140A3-4F16-1F17-65A6-23505D0C696B</segment>
<tableSpace>09DC0155-1E9E-9114-28E2-17CB49C943FB</tableSpace>
<existingIndex>5E85977F-65A7-073B-93D6-25CA058FC3AC</existingIndex>
<indexSegment>5EB140A3-4F16-1F17-65A6-23505D0C696B</indexSegment>
<indexSort>SORTED</indexSort>
<usingIndex>BY INDEX NAME</usingIndex>
</PrimaryKey>
</primaryKeys>
</TableProxyOraclev12c>