<?xml version = '1.0' encoding = 'UTF-8'?>
<TableProxyOraclev12c class="oracle.dbtools.crest.model.design.storage.oracle.v12c.TableProxyOraclev12c" name="PAGINA" directorySegmentName="seg_0" id="A74473D9-DF24-C177-9847-38612194C7DB">
<createdBy>miguel</createdBy>
<createdTime>2023-10-25 09:38:05 UTC</createdTime>
<ownerDesignName>paginas_y_documentos</ownerDesignName>
<schemaObject>A1B82651-5333-701C-F92A-43F90D3D7046</schemaObject>
<logging>YES</logging>
<partitionedRowMovement>DISABLE</partitionedRowMovement>
<segment>5C1D1CB4-14EF-FC27-5059-B8CB60BCAF33</segment>
<tableSpace>09DC0155-1E9E-9114-28E2-17CB49C943FB</tableSpace>
<temporaryChanged>false</temporaryChanged>
<accessDriverType>oracle_loader</accessDriverType>
<rejectLimit></rejectLimit>
<inMemory>NO</inMemory>
<columnProxies itemClass="oracle.dbtools.crest.model.design.storage.oracle.v12c.ColumnProxyOraclev12c">
<ColumnProxy name="NOMBRE" id="1B3DF971-C4EB-30B5-0E48-287D2A5E53A6">
<createdBy>miguel</createdBy>
<createdTime>2023-10-25 09:38:05 UTC</createdTime>
<ownerDesignName>paginas_y_documentos</ownerDesignName>
</ColumnProxy>
<ColumnProxy name="NUMERO_PAGINA" id="AB44ED1E-435A-0B53-E011-7219080A8C63">
<createdBy>miguel</createdBy>
<createdTime>2023-10-25 09:38:05 UTC</createdTime>
<ownerDesignName>paginas_y_documentos</ownerDesignName>
</ColumnProxy>
<ColumnProxy name="DIRECTORIO" id="AE5087B1-D2DA-6B72-F032-B4798F067EC4">
<createdBy>miguel</createdBy>
<createdTime>2023-10-25 09:38:05 UTC</createdTime>
<ownerDesignName>paginas_y_documentos</ownerDesignName>
</ColumnProxy>
</columnProxies>
<indexProxies>
<IndexProxy class="oracle.dbtools.crest.model.design.storage.oracle.v10g.IndexProxyOraclev10g" name="SYS_C00675693" id="E7317E3E-8499-0D53-AFBA-D43D4D085FF9">
<createdBy>miguel</createdBy>
<createdTime>2023-10-25 09:38:06 UTC</createdTime>
<ownerDesignName>paginas_y_documentos</ownerDesignName>
<schemaObject>A1B82651-5333-701C-F92A-43F90D3D7046</schemaObject>
<segment>5EB140A3-4F16-1F17-65A6-23505D0C696B</segment>
<tableSpace>09DC0155-1E9E-9114-28E2-17CB49C943FB</tableSpace>
</IndexProxy>
</indexProxies>
<foreignKeys>
<ForeignKey class="oracle.dbtools.crest.model.design.storage.oracle.v10g.FKProxyOraclev10g" name="PAGINA_FK1" id="33C4BEED-A5F8-0C28-722E-44F83FF91D49">
<createdBy>miguel</createdBy>
<createdTime>2023-10-25 09:38:06 UTC</createdTime>
<ownerDesignName>paginas_y_documentos</ownerDesignName>
</ForeignKey>
</foreignKeys>
<primaryKeys>
<PrimaryKey class="oracle.dbtools.crest.model.design.storage.oracle.v10g.PKProxyOraclev10g" name="NUM_PAG" id="EAFA9D50-1512-B825-AD71-379BAC067C69">
<createdBy>miguel</createdBy>
<createdTime>2023-10-25 09:38:06 UTC</createdTime>
<ownerDesignName>paginas_y_documentos</ownerDesignName>
<segment>5EB140A3-4F16-1F17-65A6-23505D0C696B</segment>
<tableSpace>09DC0155-1E9E-9114-28E2-17CB49C943FB</tableSpace>
<existingIndex>E7317E3E-8499-0D53-AFBA-D43D4D085FF9</existingIndex>
<indexSegment>5EB140A3-4F16-1F17-65A6-23505D0C696B</indexSegment>
<indexSort>SORTED</indexSort>
<usingIndex>BY INDEX NAME</usingIndex>
</PrimaryKey>
</primaryKeys>
</TableProxyOraclev12c>