<?xml version = '1.0' encoding = 'UTF-8'?>
<TableProxyOraclev12c class="oracle.dbtools.crest.model.design.storage.oracle.v12c.TableProxyOraclev12c" name="COMPATIBLE" directorySegmentName="seg_0" id="F05679B7-270F-1F00-5E91-F4526DB89381">
<createdBy>miguel</createdBy>
<createdTime>2023-10-25 09:38:05 UTC</createdTime>
<ownerDesignName>paginas_y_documentos</ownerDesignName>
<schemaObject>A1B82651-5333-701C-F92A-43F90D3D7046</schemaObject>
<logging>YES</logging>
<partitionedRowMovement>DISABLE</partitionedRowMovement>
<segment>5C1D1CB4-14EF-FC27-5059-B8CB60BCAF33</segment>
<tableSpace>09DC0155-1E9E-9114-28E2-17CB49C943FB</tableSpace>
<temporaryChanged>false</temporaryChanged>
<accessDriverType>oracle_loader</accessDriverType>
<rejectLimit></rejectLimit>
<inMemory>NO</inMemory>
<columnProxies itemClass="oracle.dbtools.crest.model.design.storage.oracle.v12c.ColumnProxyOraclev12c">
<ColumnProxy name="NOMBRE_DOCUMENTO" id="15104EEF-EAB7-78A7-D658-EF4C2B19905A">
<createdBy>miguel</createdBy>
<createdTime>2023-10-25 09:38:05 UTC</createdTime>
<ownerDesignName>paginas_y_documentos</ownerDesignName>
</ColumnProxy>
<ColumnProxy name="DIRECTORIO" id="C826CB76-9A03-0B1F-6167-3B1613917B25">
<createdBy>miguel</createdBy>
<createdTime>2023-10-25 09:38:05 UTC</createdTime>
<ownerDesignName>paginas_y_documentos</ownerDesignName>
</ColumnProxy>
<ColumnProxy name="NOMBRE_APLICACION" id="CBCD66B6-95B9-871A-A003-183D02315C43">
<createdBy>miguel</createdBy>
<createdTime>2023-10-25 09:38:05 UTC</createdTime>
<ownerDesignName>paginas_y_documentos</ownerDesignName>
</ColumnProxy>
</columnProxies>
<indexProxies>
<IndexProxy class="oracle.dbtools.crest.model.design.storage.oracle.v10g.IndexProxyOraclev10g" name="COMPATIBLE_PK" id="4586AAE4-9C21-118D-2E2F-A6E7FE9501BD">
<createdBy>miguel</createdBy>
<createdTime>2023-10-25 09:38:05 UTC</createdTime>
<ownerDesignName>paginas_y_documentos</ownerDesignName>
<schemaObject>A1B82651-5333-701C-F92A-43F90D3D7046</schemaObject>
<segment>5EB140A3-4F16-1F17-65A6-23505D0C696B</segment>
<tableSpace>09DC0155-1E9E-9114-28E2-17CB49C943FB</tableSpace>
</IndexProxy>
</indexProxies>
<foreignKeys>
<ForeignKey class="oracle.dbtools.crest.model.design.storage.oracle.v10g.FKProxyOraclev10g" name="APL" id="630B9AF4-FF77-2B19-60AE-980A69452735">
<createdBy>miguel</createdBy>
<createdTime>2023-10-25 09:38:06 UTC</createdTime>
<ownerDesignName>paginas_y_documentos</ownerDesignName>
</ForeignKey>
<ForeignKey class="oracle.dbtools.crest.model.design.storage.oracle.v10g.FKProxyOraclev10g" name="DOC" id="830BE9A7-8F8B-5C39-DC2C-63182D3024D0">
<createdBy>miguel</createdBy>
<createdTime>2023-10-25 09:38:06 UTC</createdTime>
<ownerDesignName>paginas_y_documentos</ownerDesignName>
</ForeignKey>
</foreignKeys>
<primaryKeys>
<PrimaryKey class="oracle.dbtools.crest.model.design.storage.oracle.v10g.PKProxyOraclev10g" name="COMPATIBLE_PK" id="AC92B6D6-BE7C-E6BE-DA91-6811B22DB487">
<createdBy>miguel</createdBy>
<createdTime>2023-10-25 09:38:06 UTC</createdTime>
<ownerDesignName>paginas_y_documentos</ownerDesignName>
<segment>5EB140A3-4F16-1F17-65A6-23505D0C696B</segment>
<tableSpace>09DC0155-1E9E-9114-28E2-17CB49C943FB</tableSpace>
<existingIndex>4586AAE4-9C21-118D-2E2F-A6E7FE9501BD</existingIndex>
<indexSegment>5EB140A3-4F16-1F17-65A6-23505D0C696B</indexSegment>
<indexSort>SORTED</indexSort>
<usingIndex>BY INDEX NAME</usingIndex>
</PrimaryKey>
</primaryKeys>
</TableProxyOraclev12c>