<?xml version = '1.0' encoding = 'UTF-8'?>
<TableProxyOraclev12c class="oracle.dbtools.crest.model.design.storage.oracle.v12c.TableProxyOraclev12c" name="APLICACIONES" directorySegmentName="seg_0" id="FAD74045-20CE-ACBB-621A-71080C2B483C">
<createdBy>miguel</createdBy>
<createdTime>2023-10-25 09:38:05 UTC</createdTime>
<ownerDesignName>paginas_y_documentos</ownerDesignName>
<schemaObject>A1B82651-5333-701C-F92A-43F90D3D7046</schemaObject>
<logging>YES</logging>
<partitionedRowMovement>DISABLE</partitionedRowMovement>
<segment>5C1D1CB4-14EF-FC27-5059-B8CB60BCAF33</segment>
<tableSpace>09DC0155-1E9E-9114-28E2-17CB49C943FB</tableSpace>
<temporaryChanged>false</temporaryChanged>
<accessDriverType>oracle_loader</accessDriverType>
<rejectLimit></rejectLimit>
<inMemory>NO</inMemory>
<columnProxies itemClass="oracle.dbtools.crest.model.design.storage.oracle.v12c.ColumnProxyOraclev12c">
<ColumnProxy name="COMPANIA" id="0C460799-8AB6-666D-F84F-8A93501988C3">
<createdBy>miguel</createdBy>
<createdTime>2023-10-25 09:38:05 UTC</createdTime>
<ownerDesignName>paginas_y_documentos</ownerDesignName>
</ColumnProxy>
<ColumnProxy name="PRECIO" id="22E67485-4B9A-B9DB-5126-0B5B6DD7668D">
<createdBy>miguel</createdBy>
<createdTime>2023-10-25 09:38:05 UTC</createdTime>
<ownerDesignName>paginas_y_documentos</ownerDesignName>
</ColumnProxy>
<ColumnProxy name="NOMBRE_APLIC" id="39ADEBE0-55D2-D645-1596-D2844FB1F89C">
<createdBy>miguel</createdBy>
<createdTime>2023-10-25 09:38:05 UTC</createdTime>
<ownerDesignName>paginas_y_documentos</ownerDesignName>
</ColumnProxy>
<ColumnProxy name="WEB_APLICACION" id="B95B5FE1-9E86-D041-8323-11060D7A3B97">
<createdBy>miguel</createdBy>
<createdTime>2023-10-25 09:38:05 UTC</createdTime>
<ownerDesignName>paginas_y_documentos</ownerDesignName>
</ColumnProxy>
</columnProxies>
<indexProxies>
<IndexProxy class="oracle.dbtools.crest.model.design.storage.oracle.v10g.IndexProxyOraclev10g" name="WEB_UNICA" id="1174A873-B4AF-7EF0-F94C-712F6547313F">
<createdBy>miguel</createdBy>
<createdTime>2023-10-25 09:38:05 UTC</createdTime>
<ownerDesignName>paginas_y_documentos</ownerDesignName>
<schemaObject>A1B82651-5333-701C-F92A-43F90D3D7046</schemaObject>
<segment>5EB140A3-4F16-1F17-65A6-23505D0C696B</segment>
<tableSpace>09DC0155-1E9E-9114-28E2-17CB49C943FB</tableSpace>
</IndexProxy>
</indexProxies>
<primaryKeys>
<PrimaryKey class="oracle.dbtools.crest.model.design.storage.oracle.v10g.PKProxyOraclev10g" name="APLICACIONES_PK" id="8D2BAA46-22C6-D284-8018-141EE93921DC">
<createdBy>miguel</createdBy>
<createdTime>2023-10-25 09:38:06 UTC</createdTime>
<ownerDesignName>paginas_y_documentos</ownerDesignName>
<schemaObject>A1B82651-5333-701C-F92A-43F90D3D7046</schemaObject>
<segment>5EB140A3-4F16-1F17-65A6-23505D0C696B</segment>
<tableSpace>09DC0155-1E9E-9114-28E2-17CB49C943FB</tableSpace>
<indexSegment>5EB140A3-4F16-1F17-65A6-23505D0C696B</indexSegment>
<indexSort>SORTED</indexSort>
<usingIndex>BY INDEX NAME</usingIndex>
</PrimaryKey>
</primaryKeys>
<uniqueKeys>
<UniqueKey class="oracle.dbtools.crest.model.design.storage.oracle.v10g.UniqueOraclev10g" name="WEB_UNICA" id="0F74BAFB-9278-6DDB-D2CA-D6E78D51BE85">
<createdBy>miguel</createdBy>
<createdTime>2023-10-25 09:38:06 UTC</createdTime>
<ownerDesignName>paginas_y_documentos</ownerDesignName>
<segment>5EB140A3-4F16-1F17-65A6-23505D0C696B</segment>
<tableSpace>09DC0155-1E9E-9114-28E2-17CB49C943FB</tableSpace>
<existingIndex>1174A873-B4AF-7EF0-F94C-712F6547313F</existingIndex>
<indexSegment>5EB140A3-4F16-1F17-65A6-23505D0C696B</indexSegment>
<indexSort>SORTED</indexSort>
<usingIndex>BY INDEX NAME</usingIndex>
</UniqueKey>
</uniqueKeys>
</TableProxyOraclev12c>