"sexo","altura","edad","tabaco","ubes","carneRoja","verduras","deporte","drogas","dietaEsp","nivEstPad","nivEstudios","nivIngresos","IMC","Peso"
"M",1.63,18,0,0,0,5,0,2,"S",0,1,2,27.2601934977198,72.4276081040916
"V",1.68,35,0,1,1,6,0,0,"N",1,3,2,27.2601934977198,76.9391701279642
"V",1.77,39,30,13,0,0,6,0,"N",2,3,1,24.6477273333081,77.218864962521
"M",1.59,57,60,4,4,16,15,0,"N",2,2,2,22.0352611688965,55.7073437610872
"M",1.58,18,0,3,1,0,7,0,"N",2,4,4,27.2601934977198,68.0523470477076
"M",1.66,35,160,0,0,0,4,0,"N",0,2,3,13.3270406208577,36.7239931348354
"V",1.75,46,140,3,1,0,0,0,"S",0,1,0,15.0686847304654,46.1478469870504
"M",1.73,54,0,0,0,9,4,0,"N",0,0,1,27.2601934977198,81.5870331193255
"V",1.67,18,0,0,0,11,0,0,"S",1,2,3,27.2601934977198,76.0259536457906
"V",1.74,53,0,3,1,4,0,0,"N",1,2,1,27.2601934977198,82.5329618336963
"V",1.76,32,0,19,0,21,13,0,"N",0,1,2,27.2601934977198,84.4411753785367
"V",1.85,33,0,0,1,14,2,0,"N",1,2,2,27.2601934977198,93.2980122459459
"M",1.65,29,0,6,0,7,4,0,"N",1,1,1,27.2601934977198,74.215876797542
"M",1.66,35,0,0,1,0,0,0,"N",0,1,2,27.2601934977198,75.1181892023166
"V",1.77,25,0,0,0,0,1,0,"N",1,2,2,27.2601934977198,85.4034602090062
"M",1.71,45,0,0,4,8,0,0,"N",1,1,3,27.2601934977198,79.7115318066823
"M",1.73,38,0,0,2,8,0,0,"N",0,0,2,27.2601934977198,81.5870331193255
"V",1.78,37,0,15,2,2,0,1,"N",3,4,4,27.2601934977198,86.3711970781753
"M",1.51,29,0,3,0,8,0,0,"N",1,2,1,27.2601934977198,62.1559671941508
"M",1.58,46,20,15,3,17,14,0,"N",2,4,4,25.518549388112,63.7045066924828
"V",1.66,56,0,0,0,0,7,0,"N",1,3,3,27.2601934977198,75.1181892023166
"M",1.61,31,0,26,5,0,3,0,"N",0,0,0,27.2601934977198,70.6611475654394
"V",1.79,68,0,6,5,6,8,0,"N",1,2,2,27.2601934977198,87.3443859860439
"M",1.61,53,0,0,3,10,17,5,"N",1,2,3,27.2601934977198,70.6611475654394
"V",1.75,18,0,0,0,18,8,0,"N",0,0,0,27.2601934977198,83.4843425867668
"V",1.86,49,30,7,0,2,0,0,"N",2,2,2,24.6477273333081,85.2712774823128
"V",1.8,18,0,0,9,0,4,0,"N",2,3,4,27.2601934977198,88.323026932612
"V",1.77,37,0,0,0,4,2,0,"N",0,0,0,27.2601934977198,85.4034602090062
"M",1.65,29,70,0,6,0,0,0,"N",1,2,2,21.1644391140926,57.6201854881171
"M",1.6,31,90,0,4,11,7,0,"N",2,3,4,19.4227950044848,49.7223552114812
"V",1.7,26,0,0,6,5,2,0,"N",2,1,2,27.2601934977198,78.7819592084101
"V",1.74,18,0,6,0,9,9,0,"N",1,2,2,27.2601934977198,82.5329618336963
"M",1.67,18,0,0,4,0,3,0,"S",1,1,0,27.2601934977198,76.0259536457906
"M",1.68,27,0,0,0,0,0,0,"N",0,2,4,27.2601934977198,76.9391701279642
"V",1.81,47,10,0,0,0,0,0,"N",3,3,3,26.3893714429159,86.4542197841367
"M",1.59,21,120,0,1,0,6,1,"S",0,1,1,16.8103288400732,42.498192340589
"V",1.67,61,0,1,0,0,0,0,"N",0,2,0,27.2601934977198,76.0259536457906
"V",1.83,44,140,1,2,14,12,0,"N",2,3,3,15.0686847304654,50.4635182938557
"M",1.62,29,0,0,3,8,0,0,"N",0,3,3,27.2601934977198,71.5416518154158
"V",1.73,73,0,0,0,0,0,0,"N",1,2,2,27.2601934977198,81.5870331193255
"M",1.68,48,90,0,4,0,0,0,"N",0,0,1,19.4227950044848,54.818896620658
"M",1.67,18,0,0,0,0,0,0,"N",2,3,2,27.2601934977198,76.0259536457906
"M",1.66,65,0,0,2,0,0,0,"N",1,2,2,27.2601934977198,75.1181892023166
"M",1.65,36,0,2,0,23,6,0,"N",1,2,2,27.2601934977198,74.215876797542
"V",1.7,40,0,11,4,0,1,0,"N",1,1,2,27.2601934977198,78.7819592084101
"M",1.7,46,0,0,0,6,0,0,"N",0,1,2,27.2601934977198,78.7819592084101
"V",1.73,27,50,0,2,0,0,0,"N",2,4,4,22.9060832237004,68.5556164802128
"M",1.66,62,0,0,0,1,2,0,"N",0,2,0,27.2601934977198,75.1181892023166
"M",1.61,42,0,3,3,13,2,8,"S",0,0,1,27.2601934977198,70.6611475654394
"M",1.64,37,0,7,2,6,3,4,"S",1,2,3,27.2601934977198,73.3190164314671
"M",1.69,25,0,5,0,3,1,0,"N",2,3,2,27.2601934977198,77.8578386488374
"V",1.72,18,0,0,2,0,0,0,"N",1,4,4,27.2601934977198,80.6465564436541
"M",1.63,63,0,7,0,12,0,0,"N",2,3,3,27.2601934977198,72.4276081040916
"V",1.77,44,0,0,1,14,2,0,"N",2,4,3,27.2601934977198,85.4034602090062
"V",1.68,46,190,0,6,0,0,0,"N",2,3,3,10.714574456446,30.2408149458732
"V",1.77,33,20,0,2,10,3,0,"N",0,1,2,25.518549388112,79.9470633780161
"M",1.65,28,0,0,4,0,0,0,"N",0,0,1,27.2601934977198,74.215876797542
"M",1.7,27,0,0,4,4,0,0,"N",0,0,2,27.2601934977198,78.7819592084101
"V",1.73,45,0,0,5,0,0,0,"N",0,0,0,27.2601934977198,81.5870331193255
"V",1.68,35,0,7,1,1,6,0,"N",2,1,2,27.2601934977198,76.9391701279642
"V",1.75,29,0,0,1,12,0,0,"N",2,3,4,27.2601934977198,83.4843425867668
"V",1.71,58,0,0,0,4,8,0,"N",0,1,0,27.2601934977198,79.7115318066823
"V",1.76,34,0,0,0,16,9,0,"S",0,1,1,27.2601934977198,84.4411753785367
"V",1.82,39,0,2,1,0,1,0,"N",2,4,4,27.2601934977198,90.2966649418469
"M",1.65,44,0,12,7,0,0,0,"N",2,4,4,27.2601934977198,74.215876797542
"V",1.58,37,50,3,2,0,2,0,"N",1,4,4,22.9060832237004,57.1827461596456
"V",1.79,47,0,0,0,22,15,0,"N",2,4,3,27.2601934977198,87.3443859860439
"M",1.63,44,150,0,0,0,2,0,"N",0,1,0,14.1978626756615,37.7223013429651
"V",1.76,32,0,0,0,12,10,0,"N",0,0,0,27.2601934977198,84.4411753785367
"M",1.68,33,0,0,1,4,9,0,"N",1,1,2,27.2601934977198,76.9391701279642
"V",1.85,23,0,7,4,18,13,0,"N",2,2,2,27.2601934977198,93.2980122459459
"M",1.65,43,0,0,1,14,7,0,"N",2,3,3,27.2601934977198,74.215876797542
"M",1.64,48,0,14,6,0,2,0,"N",3,4,2,27.2601934977198,73.3190164314671
"V",1.76,32,0,0,1,0,1,0,"N",3,4,2,27.2601934977198,84.4411753785367
"V",1.71,60,0,0,0,0,0,0,"N",0,2,2,27.2601934977198,79.7115318066823
"M",1.69,71,0,6,6,0,1,3,"N",0,1,0,27.2601934977198,77.8578386488374
"M",1.51,18,80,0,5,2,0,8,"N",0,1,3,20.2936170592887,46.2714762568842
"V",1.69,57,0,5,5,0,0,0,"N",0,1,1,27.2601934977198,77.8578386488374
"M",1.64,45,10,0,1,7,9,0,"N",2,1,0,26.3893714429159,70.9768534328665
"M",1.65,39,0,0,2,0,0,0,"N",1,2,1,27.2601934977198,74.215876797542
"V",1.78,24,120,3,2,1,2,0,"N",1,2,2,16.8103288400732,53.2618458968879
"V",1.68,31,0,7,0,0,0,0,"N",2,1,1,27.2601934977198,76.9391701279642
"V",1.83,32,0,0,0,9,8,2,"N",2,4,4,27.2601934977198,91.2916620045137
"V",1.82,23,0,0,0,7,0,0,"N",1,2,1,27.2601934977198,90.2966649418469
"M",1.65,18,0,2,2,4,0,3,"N",3,4,3,27.2601934977198,74.215876797542
"M",1.7,50,0,2,0,8,0,1,"N",1,2,3,27.2601934977198,78.7819592084101
"M",1.65,41,0,5,1,6,4,0,"N",1,3,1,27.2601934977198,74.215876797542
"V",1.63,34,0,1,0,6,7,0,"N",2,3,3,27.2601934977198,72.4276081040916
"V",1.79,52,0,5,3,5,6,1,"N",0,2,3,27.2601934977198,87.3443859860439
"M",1.7,49,0,0,0,0,0,0,"N",1,3,4,27.2601934977198,78.7819592084101
"V",1.72,44,40,12,2,4,8,4,"N",3,3,4,23.7769052785042,70.3415965759269
"V",1.73,30,0,3,0,0,0,0,"N",0,2,3,27.2601934977198,81.5870331193255
"M",1.68,18,10,11,2,0,1,0,"N",0,1,2,26.3893714429159,74.4813619604858
"V",1.77,39,40,0,0,14,4,0,"N",1,1,1,23.7769052785042,74.4906665470259
"V",1.75,43,0,6,2,0,1,0,"N",0,1,1,27.2601934977198,83.4843425867668
"M",1.66,59,0,0,4,0,12,0,"N",1,3,2,27.2601934977198,75.1181892023166
"M",1.64,51,0,0,3,10,0,0,"N",1,1,0,27.2601934977198,73.3190164314671
"V",1.7,32,0,11,5,0,0,0,"N",3,4,4,27.2601934977198,78.7819592084101
"V",1.78,31,130,24,1,5,1,0,"N",0,1,0,15.9395067852693,50.5027332984473
"M",1.56,36,0,12,5,7,4,0,"N",0,1,1,27.2601934977198,66.3404068960508
"M",1.55,62,20,10,0,0,4,0,"N",1,2,3,25.518549388112,61.3083149049391
"M",1.64,33,0,0,0,9,0,3,"N",0,3,3,27.2601934977198,73.3190164314671
"M",1.57,18,0,0,0,14,17,0,"N",2,2,2,27.2601934977198,67.1936509525294
"V",1.74,42,0,0,3,0,4,0,"N",1,2,0,27.2601934977198,82.5329618336963
"M",1.67,28,0,0,0,18,20,0,"N",2,2,1,27.2601934977198,76.0259536457906
"V",1.8,51,80,0,1,14,8,0,"N",2,1,1,20.2936170592887,65.7513192720954
"M",1.65,30,0,3,3,0,1,0,"N",2,1,0,27.2601934977198,74.215876797542
"M",1.57,51,0,0,0,0,0,0,"N",1,2,2,27.2601934977198,67.1936509525294
"M",1.58,45,120,1,0,5,3,0,"N",0,1,0,16.8103288400732,41.9653049163587
"M",1.61,40,0,0,0,0,5,0,"N",0,2,2,27.2601934977198,70.6611475654394
"V",1.73,27,90,3,2,2,0,0,"N",1,1,0,19.4227950044848,58.1304831689226
"V",1.71,51,40,16,0,0,0,0,"N",0,2,1,23.7769052785042,69.5260487248742
"V",1.81,40,10,0,1,11,2,0,"N",1,2,3,26.3893714429159,86.4542197841367
"V",1.82,45,0,0,0,3,0,0,"N",1,1,1,27.2601934977198,90.2966649418469
"M",1.55,51,0,16,2,10,0,0,"N",0,0,0,27.2601934977198,65.4926148782717
"V",1.79,32,20,13,5,0,8,0,"N",2,3,3,25.518549388112,81.7639840944497
"M",1.69,34,0,22,0,10,11,0,"S",0,0,1,27.2601934977198,77.8578386488374
"M",1.64,34,0,0,0,7,0,0,"N",2,3,2,27.2601934977198,73.3190164314671
"V",1.74,60,0,7,1,0,0,0,"N",0,1,3,27.2601934977198,82.5329618336963
"V",1.76,64,0,0,3,2,2,0,"N",3,3,3,27.2601934977198,84.4411753785367
"M",1.66,21,100,0,2,4,0,0,"N",1,1,1,18.5519729496809,51.1218166601408
"V",1.66,43,0,0,2,0,0,0,"S",1,2,3,27.2601934977198,75.1181892023166
"M",1.71,21,10,0,0,0,0,0,"N",1,3,3,26.3893714429159,77.1651610362303
"V",1.8,35,0,3,3,11,3,0,"S",1,3,3,27.2601934977198,88.323026932612
"M",1.72,42,50,6,0,1,3,0,"N",1,2,4,22.9060832237004,67.7653566089951
"V",1.75,43,0,0,0,6,4,0,"N",1,2,4,27.2601934977198,83.4843425867668
"M",1.75,32,0,0,5,1,5,0,"S",1,1,1,27.2601934977198,83.4843425867668
"M",1.61,40,0,0,2,0,0,0,"N",2,3,4,27.2601934977198,70.6611475654394
"V",1.74,51,20,0,0,9,12,0,"N",3,3,2,25.518549388112,77.2599601274479
"V",1.78,41,30,14,3,0,0,0,"N",3,4,3,24.6477273333081,78.0938592828534
"V",1.7,38,0,3,2,4,5,0,"N",3,4,4,27.2601934977198,78.7819592084101
"V",1.73,38,0,0,0,18,14,0,"N",0,1,1,27.2601934977198,81.5870331193255
"M",1.64,43,170,0,2,0,10,4,"N",1,2,2,12.4562185660538,33.5022454552582
"V",1.75,42,70,0,4,3,7,0,"N",0,1,1,21.1644391140926,64.8160947869086
"V",1.81,18,0,6,0,0,0,0,"N",3,4,4,27.2601934977198,89.3071199178797
"M",1.64,36,0,0,0,13,1,0,"N",1,0,0,27.2601934977198,73.3190164314671
"V",1.71,40,0,0,9,0,0,0,"N",2,4,3,27.2601934977198,79.7115318066823
"V",1.75,34,0,0,6,3,9,3,"N",3,4,4,27.2601934977198,83.4843425867668
"M",1.65,44,0,0,0,18,6,0,"N",0,0,1,27.2601934977198,74.215876797542
"M",1.69,18,0,0,2,22,0,0,"N",2,4,2,27.2601934977198,77.8578386488374
"M",1.68,56,0,0,3,10,0,0,"N",2,2,1,27.2601934977198,76.9391701279642
"V",1.76,66,20,0,0,0,0,0,"N",0,0,1,25.518549388112,79.0462585846157
"V",1.8,23,0,15,3,0,4,0,"N",1,2,2,27.2601934977198,88.323026932612
"M",1.68,55,0,0,3,7,0,0,"N",2,3,3,27.2601934977198,76.9391701279642
"V",1.71,38,0,9,0,0,6,0,"N",3,4,3,27.2601934977198,79.7115318066823
"M",1.65,24,0,0,1,4,1,0,"S",1,3,4,27.2601934977198,74.215876797542
"V",1.73,51,0,0,1,13,9,0,"N",2,2,1,27.2601934977198,81.5870331193255
"M",1.71,20,0,3,0,0,0,0,"N",2,3,2,27.2601934977198,79.7115318066823
"M",1.62,32,0,0,0,21,7,0,"S",1,4,4,27.2601934977198,71.5416518154158
"V",1.76,72,0,3,4,0,1,0,"N",1,2,2,27.2601934977198,84.4411753785367
"M",1.68,64,130,0,0,16,9,1,"N",0,0,0,15.9395067852693,44.9876639507441
"V",1.79,22,30,0,3,0,4,0,"N",2,4,4,24.6477273333081,78.9737831486525
"M",1.65,18,0,0,2,0,0,0,"N",2,3,4,27.2601934977198,74.215876797542
"V",1.65,53,0,4,0,5,4,0,"N",1,3,3,27.2601934977198,74.215876797542
"V",1.74,35,0,8,1,9,0,0,"N",1,2,4,27.2601934977198,82.5329618336963
"V",1.73,26,30,1,1,4,6,0,"N",3,4,4,24.6477273333081,73.7681831358579
"M",1.71,38,0,0,0,0,5,0,"N",0,0,1,27.2601934977198,79.7115318066823
"V",1.81,48,0,0,3,0,0,0,"N",1,0,0,27.2601934977198,89.3071199178797
"V",1.78,65,70,0,2,0,5,0,"N",1,2,1,21.1644391140926,67.057408889091
"M",1.7,42,30,0,1,6,12,6,"N",4,4,4,24.6477273333081,71.2319319932605
"M",1.61,39,60,0,0,5,9,2,"S",2,3,2,22.0352611688965,57.1176004758966
"M",1.69,51,0,5,2,0,0,0,"N",1,4,4,27.2601934977198,77.8578386488374
"M",1.69,52,50,0,3,0,5,0,"S",0,0,1,22.9060832237004,65.4220642952106
"V",1.59,18,0,0,0,10,5,0,"N",0,1,1,27.2601934977198,68.9164951815853
"M",1.7,49,0,0,2,0,0,0,"S",2,3,3,27.2601934977198,78.7819592084101
"V",1.76,34,0,26,1,5,1,0,"N",2,2,1,27.2601934977198,84.4411753785367
"M",1.64,27,0,0,0,0,0,2,"N",1,1,1,27.2601934977198,73.3190164314671
"V",1.71,49,30,2,2,2,3,0,"N",1,2,2,24.6477273333081,72.0724194953263
"V",1.75,21,50,3,4,13,7,0,"N",1,2,2,22.9060832237004,70.1498798725823
"V",1.66,53,0,2,1,18,7,0,"N",1,2,3,27.2601934977198,75.1181892023166
"M",1.63,47,30,9,2,7,0,2,"N",1,2,2,24.6477273333081,65.4865467518663
"V",1.75,50,0,0,4,0,7,0,"N",2,2,3,27.2601934977198,83.4843425867668
"V",1.69,48,0,0,0,15,13,0,"N",0,0,0,27.2601934977198,77.8578386488374
"V",1.7,46,0,0,0,0,2,0,"N",0,0,3,27.2601934977198,78.7819592084101
"M",1.56,45,0,3,7,0,1,0,"N",0,1,0,27.2601934977198,66.3404068960508
"M",1.66,57,0,12,7,0,4,0,"N",1,2,2,27.2601934977198,75.1181892023166
"V",1.87,42,0,0,1,0,4,0,"S",1,3,3,27.2601934977198,95.3261706421763
"V",1.72,43,20,7,6,19,19,1,"N",2,2,1,25.518549388112,75.4940765097905
"M",1.61,47,0,0,0,14,6,0,"N",3,4,2,27.2601934977198,70.6611475654394
"V",1.79,19,0,0,4,0,0,0,"N",0,1,1,27.2601934977198,87.3443859860439
"M",1.68,35,0,2,0,0,0,0,"N",1,2,1,27.2601934977198,76.9391701279642
"M",1.76,24,0,5,2,0,0,0,"N",0,1,2,27.2601934977198,84.4411753785367
"V",1.73,42,0,12,0,8,2,0,"N",1,3,2,27.2601934977198,81.5870331193255
"M",1.62,57,0,5,0,19,3,0,"N",1,1,1,27.2601934977198,71.5416518154158
"V",1.87,32,90,1,5,2,1,2,"N",0,2,0,19.4227950044848,67.919571851183
"V",1.69,52,0,20,0,9,8,0,"N",1,2,1,27.2601934977198,77.8578386488374
"V",1.76,24,0,0,0,0,0,0,"N",1,2,2,27.2601934977198,84.4411753785367
"M",1.63,46,0,0,3,12,7,0,"S",2,4,4,27.2601934977198,72.4276081040916
"V",1.78,49,90,1,0,0,0,4,"N",1,3,1,19.4227950044848,61.5391836922097
"V",1.73,42,0,14,0,1,0,0,"N",0,1,1,27.2601934977198,81.5870331193255
"V",1.85,18,0,0,0,0,0,0,"N",2,3,2,27.2601934977198,93.2980122459459
"M",1.63,61,10,0,1,12,3,0,"N",2,1,2,26.3893714429159,70.1139209866832
"V",1.66,43,0,7,0,2,0,0,"N",0,2,3,27.2601934977198,75.1181892023166
"M",1.61,72,0,0,2,0,0,0,"S",0,1,1,27.2601934977198,70.6611475654394
"V",1.74,36,0,0,0,27,18,0,"S",1,1,2,27.2601934977198,82.5329618336963
"V",1.77,19,0,0,4,0,0,0,"N",2,3,4,27.2601934977198,85.4034602090062
"M",1.58,51,0,7,3,2,0,0,"N",1,2,2,27.2601934977198,68.0523470477076
"M",1.65,40,0,10,0,15,8,0,"N",1,2,3,27.2601934977198,74.215876797542
"V",1.82,46,0,0,0,28,18,0,"N",2,0,0,27.2601934977198,90.2966649418469
"V",1.82,41,70,0,3,4,3,0,"N",4,4,2,21.1644391140926,70.1050881215203
"V",1.74,54,0,0,1,0,0,1,"N",1,1,2,27.2601934977198,82.5329618336963
"V",1.73,44,0,0,1,2,0,2,"N",2,4,3,27.2601934977198,81.5870331193255
"M",1.66,37,0,8,0,10,8,0,"N",1,2,2,27.2601934977198,75.1181892023166
"V",1.74,29,10,0,0,0,0,0,"N",3,4,4,26.3893714429159,79.8964609805721
"M",1.62,53,10,1,0,0,0,1,"N",1,1,0,26.3893714429159,69.2562664147885
"V",1.74,49,0,2,2,0,1,0,"S",0,3,2,27.2601934977198,82.5329618336963
"M",1.71,44,0,0,0,7,0,0,"N",1,1,1,27.2601934977198,79.7115318066823
"V",1.79,39,0,5,0,0,0,0,"N",3,4,2,27.2601934977198,87.3443859860439
"V",1.78,18,0,0,2,19,9,0,"N",3,4,3,27.2601934977198,86.3711970781753
"M",1.73,45,20,1,5,0,0,0,"N",2,3,3,25.518549388112,76.3744664636804
"V",1.7,26,0,0,6,6,5,0,"N",0,1,1,27.2601934977198,78.7819592084101
"M",1.64,30,0,0,0,5,10,0,"N",2,3,4,27.2601934977198,73.3190164314671
"V",1.78,24,0,0,6,0,0,0,"N",2,3,2,27.2601934977198,86.3711970781753
"V",1.69,38,0,0,0,11,8,0,"N",2,3,3,27.2601934977198,77.8578386488374
"M",1.72,49,50,0,0,10,4,0,"N",1,2,4,22.9060832237004,67.7653566089951
"V",1.74,18,0,0,0,11,1,0,"N",1,0,0,27.2601934977198,82.5329618336963
"M",1.62,34,0,13,0,5,1,0,"N",0,1,0,27.2601934977198,71.5416518154158
"M",1.67,41,0,1,5,0,5,0,"N",2,3,1,27.2601934977198,76.0259536457906
"V",1.72,35,0,0,0,15,0,0,"N",1,3,2,27.2601934977198,80.6465564436541
"V",1.8,36,0,10,1,8,1,0,"N",1,2,1,27.2601934977198,88.323026932612
"M",1.63,53,0,0,0,6,0,0,"S",0,2,1,27.2601934977198,72.4276081040916
"M",1.67,60,20,0,3,2,1,0,"N",0,0,0,25.518549388112,71.1686823885056
"V",1.76,44,70,0,7,0,7,0,"N",4,2,2,21.1644391140926,65.5589665998132
"V",1.81,48,20,15,2,0,0,7,"N",2,2,2,25.518549388112,83.6013196503937
"V",1.86,41,0,9,0,9,0,3,"N",2,2,0,27.2601934977198,94.3093654247113
"M",1.63,59,0,3,3,0,2,0,"N",0,1,2,27.2601934977198,72.4276081040916
"M",1.63,38,50,0,1,17,15,0,"N",3,2,2,22.9060832237004,60.8591725170495
"V",1.77,52,0,0,0,11,3,0,"S",1,3,3,27.2601934977198,85.4034602090062
"V",1.71,39,0,1,0,5,0,0,"N",1,2,1,27.2601934977198,79.7115318066823
"V",1.71,37,0,10,1,15,15,0,"N",3,4,4,27.2601934977198,79.7115318066823
"M",1.63,54,0,0,0,0,0,7,"N",1,2,2,27.2601934977198,72.4276081040916
"M",1.73,21,10,2,1,3,4,4,"N",2,3,2,26.3893714429159,78.9807497915029
"V",1.7,44,0,2,0,0,0,0,"N",2,3,1,27.2601934977198,78.7819592084101
"V",1.81,51,0,0,1,0,0,0,"S",2,4,4,27.2601934977198,89.3071199178797
"V",1.77,45,0,0,0,21,15,0,"S",1,0,0,27.2601934977198,85.4034602090062
"V",1.75,18,220,0,2,0,0,7,"N",1,1,0,8.10210829203437,24.8127066443553
"M",1.62,57,0,0,0,5,1,0,"N",2,1,2,27.2601934977198,71.5416518154158
"M",1.6,24,140,0,2,0,4,7,"N",2,2,1,15.0686847304654,38.5758329099915
"V",1.83,35,40,3,4,0,2,0,"N",1,1,2,23.7769052785042,79.6264780871828
"M",1.62,45,0,10,0,0,4,0,"N",1,1,0,27.2601934977198,71.5416518154158
"V",1.77,45,10,1,0,10,0,0,"N",2,3,4,26.3893714429159,82.6752617935112
"M",1.73,25,20,0,6,0,1,0,"N",2,2,2,25.518549388112,76.3744664636804
"M",1.69,41,0,0,0,0,3,0,"N",0,1,1,27.2601934977198,77.8578386488374
"V",1.78,66,0,1,1,20,6,0,"N",1,2,2,27.2601934977198,86.3711970781753
"M",1.71,62,80,3,5,10,3,0,"N",1,1,3,20.2936170592887,59.3405656430661
"M",1.7,18,0,4,0,4,3,0,"N",2,4,4,27.2601934977198,78.7819592084101
"M",1.68,45,0,0,0,0,4,0,"N",0,1,1,27.2601934977198,76.9391701279642
"V",1.78,59,0,4,0,7,18,3,"N",2,3,2,27.2601934977198,86.3711970781753
"V",1.76,30,0,6,3,1,11,0,"N",1,2,2,27.2601934977198,84.4411753785367
"V",1.74,51,0,0,5,0,0,0,"S",1,1,1,27.2601934977198,82.5329618336963
"V",1.68,50,0,2,3,16,4,0,"S",2,4,4,27.2601934977198,76.9391701279642
"V",1.78,51,220,0,3,2,0,0,"N",0,0,1,8.10210829203437,25.6707199124817
"M",1.7,39,0,8,5,0,0,0,"N",2,3,3,27.2601934977198,78.7819592084101
"V",1.7,67,10,0,7,0,0,0,"N",3,4,3,26.3893714429159,76.2652834700269
"V",1.82,25,0,0,1,4,4,0,"N",2,2,1,27.2601934977198,90.2966649418469
"V",1.68,19,0,27,1,0,4,0,"N",0,2,3,27.2601934977198,76.9391701279642
"V",1.63,59,150,3,3,10,9,0,"N",2,2,1,14.1978626756615,37.7223013429651
"M",1.7,50,0,0,2,1,6,0,"N",2,4,4,27.2601934977198,78.7819592084101
"M",1.65,56,100,0,2,6,2,5,"N",2,0,2,18.5519729496809,50.5077463555064
"V",1.77,66,140,0,4,4,7,0,"N",1,2,2,15.0686847304654,47.2086823920751
"M",1.58,66,0,0,5,0,8,0,"N",1,2,3,27.2601934977198,68.0523470477076
"V",1.82,36,0,5,7,6,4,0,"N",2,4,4,27.2601934977198,90.2966649418469
"M",1.67,18,100,0,0,6,3,0,"N",2,4,4,18.5519729496809,51.7395973593652
"V",1.75,18,110,0,0,4,0,0,"N",0,3,4,17.6811508948771,54.148524615561
"M",1.69,18,0,16,2,1,0,0,"N",2,2,2,27.2601934977198,77.8578386488374
"V",1.78,53,120,0,7,0,9,0,"N",0,0,0,16.8103288400732,53.2618458968879
"M",1.57,63,90,1,0,19,7,0,"N",2,2,2,19.4227950044848,47.8752474065547
"M",1.59,58,0,7,4,0,0,7,"N",2,3,1,27.2601934977198,68.9164951815853
"V",1.73,27,80,6,5,0,0,1,"N",2,2,3,20.2936170592887,60.7367664967452
"V",1.72,60,0,0,3,0,0,0,"N",2,2,2,27.2601934977198,80.6465564436541
"M",1.74,41,0,6,0,5,0,0,"N",1,1,2,27.2601934977198,82.5329618336963
"V",1.74,28,0,0,1,0,0,0,"N",0,3,2,27.2601934977198,82.5329618336963
"M",1.65,37,0,7,2,0,0,0,"N",2,2,4,27.2601934977198,74.215876797542
"M",1.62,44,0,1,1,5,11,0,"N",1,2,1,27.2601934977198,71.5416518154158
"V",1.73,18,50,3,0,0,0,0,"N",0,1,1,22.9060832237004,68.5556164802128
"V",1.78,60,0,1,0,0,0,0,"N",1,3,4,27.2601934977198,86.3711970781753
"M",1.59,34,0,8,2,12,11,0,"N",3,3,3,27.2601934977198,68.9164951815853
"M",1.76,18,0,11,5,0,7,0,"N",1,1,0,27.2601934977198,84.4411753785367
"V",1.79,31,0,7,2,1,6,3,"N",1,0,0,27.2601934977198,87.3443859860439
"V",1.74,51,0,0,0,7,8,0,"S",2,3,2,27.2601934977198,82.5329618336963
"M",1.67,53,0,0,7,0,0,0,"N",2,3,2,27.2601934977198,76.0259536457906
"M",1.64,26,0,3,1,3,3,0,"N",2,2,2,27.2601934977198,73.3190164314671
"V",1.7,31,0,8,2,0,2,0,"N",2,4,4,27.2601934977198,78.7819592084101
"M",1.61,25,0,9,7,0,1,0,"N",2,2,1,27.2601934977198,70.6611475654394
"M",1.61,39,0,0,1,4,0,0,"N",2,2,1,27.2601934977198,70.6611475654394
"V",1.83,45,0,18,0,0,3,0,"N",2,2,2,27.2601934977198,91.2916620045137
"M",1.68,37,0,4,1,1,3,0,"N",1,3,3,27.2601934977198,76.9391701279642
"V",1.81,45,0,2,0,9,3,0,"N",0,2,1,27.2601934977198,89.3071199178797
"M",1.61,41,0,3,0,3,0,0,"N",1,3,0,27.2601934977198,70.6611475654394
"M",1.69,48,0,0,5,0,7,0,"N",1,1,1,27.2601934977198,77.8578386488374
"M",1.68,73,0,0,2,0,0,0,"N",0,0,2,27.2601934977198,76.9391701279642
"V",1.72,45,0,14,1,8,12,0,"N",0,0,0,27.2601934977198,80.6465564436541
"M",1.69,52,0,2,0,0,4,0,"N",3,4,4,27.2601934977198,77.8578386488374
"M",1.63,41,0,5,1,12,2,0,"N",1,3,4,27.2601934977198,72.4276081040916
"M",1.69,35,10,0,6,8,12,0,"N",2,4,4,26.3893714429159,75.370683778112
"M",1.72,21,0,0,6,10,3,0,"N",2,1,1,27.2601934977198,80.6465564436541
"M",1.59,52,0,0,2,11,6,1,"N",0,0,1,27.2601934977198,68.9164951815853
"M",1.63,18,0,23,3,8,0,0,"N",3,3,2,27.2601934977198,72.4276081040916
"V",1.77,54,0,8,0,22,8,10,"N",2,3,3,27.2601934977198,85.4034602090062
"M",1.57,18,0,0,0,10,3,0,"N",2,2,1,27.2601934977198,67.1936509525294
"V",1.75,37,0,0,4,2,4,0,"N",2,4,4,27.2601934977198,83.4843425867668
"V",1.68,55,0,27,4,4,2,0,"N",2,4,4,27.2601934977198,76.9391701279642
"V",1.67,59,0,14,0,0,2,0,"N",1,1,2,27.2601934977198,76.0259536457906
"M",1.61,18,0,4,0,8,0,0,"N",0,0,0,27.2601934977198,70.6611475654394
"M",1.65,45,0,15,0,0,0,0,"N",3,4,4,27.2601934977198,74.215876797542
"V",1.74,21,0,0,6,21,11,0,"N",1,1,3,27.2601934977198,82.5329618336963
"V",1.71,18,60,5,0,5,8,0,"N",1,4,4,22.0352611688965,64.4333071839702
"V",1.7,44,50,3,0,0,0,0,"N",1,2,3,22.9060832237004,66.198580516494
"V",1.72,54,0,7,4,0,4,0,"N",2,2,0,27.2601934977198,80.6465564436541
"V",1.68,67,0,5,0,7,12,0,"N",1,3,3,27.2601934977198,76.9391701279642
"V",1.71,30,0,12,0,6,0,3,"N",1,3,4,27.2601934977198,79.7115318066823
"M",1.62,41,0,18,4,0,2,0,"N",0,1,0,27.2601934977198,71.5416518154158
"M",1.61,42,0,0,5,19,1,0,"N",1,2,0,27.2601934977198,70.6611475654394
"V",1.69,41,0,0,2,10,13,0,"N",0,1,2,27.2601934977198,77.8578386488374
"V",1.71,38,0,0,0,2,0,0,"N",0,2,2,27.2601934977198,79.7115318066823
"V",1.71,26,0,0,0,15,8,0,"N",0,2,4,27.2601934977198,79.7115318066823
"M",1.65,53,120,0,4,9,6,0,"N",2,4,4,16.8103288400732,45.7661202670992
"V",1.78,31,0,9,5,12,5,0,"S",0,0,2,27.2601934977198,86.3711970781753
"M",1.74,35,190,3,6,2,0,0,"N",1,1,1,10.714574456446,32.439445624336
"V",1.8,22,0,0,0,0,0,0,"N",2,2,3,27.2601934977198,88.323026932612
"V",1.77,45,0,17,2,15,11,0,"N",1,1,1,27.2601934977198,85.4034602090062
"M",1.65,32,130,0,2,0,3,0,"N",1,4,3,15.9395067852693,43.3953072228957
"V",1.71,71,60,0,0,11,0,0,"N",1,0,0,22.0352611688965,64.4333071839702
"V",1.74,42,0,12,6,1,0,0,"S",2,4,4,27.2601934977198,82.5329618336963
"M",1.55,45,0,9,3,0,0,0,"N",1,1,2,27.2601934977198,65.4926148782717
"M",1.66,37,0,0,0,0,0,0,"N",0,1,3,27.2601934977198,75.1181892023166
"V",1.77,37,110,5,8,0,0,2,"N",1,3,4,17.6811508948771,55.3932776385604
"V",1.82,55,140,0,0,4,2,0,"N",0,1,2,15.0686847304654,49.9135113011937
"V",1.71,21,0,17,1,14,5,0,"N",3,4,4,27.2601934977198,79.7115318066823
"V",1.81,42,0,4,1,11,9,0,"N",1,3,3,27.2601934977198,89.3071199178797
"M",1.7,56,0,4,1,17,0,0,"N",4,3,2,27.2601934977198,78.7819592084101
"V",1.8,22,0,0,5,0,7,0,"N",2,1,1,27.2601934977198,88.323026932612
"V",1.78,62,0,0,4,0,6,0,"S",1,1,1,27.2601934977198,86.3711970781753
"M",1.57,52,0,0,4,0,0,0,"N",1,2,4,27.2601934977198,67.1936509525294
"V",1.7,28,0,0,0,0,0,1,"N",1,3,2,27.2601934977198,78.7819592084101
"M",1.63,23,100,0,0,1,3,0,"S",1,2,3,18.5519729496809,49.2907369300073
"M",1.65,42,140,1,2,0,4,0,"N",3,4,3,15.0686847304654,41.0244941786921
"V",1.68,37,0,2,0,25,13,0,"N",1,3,2,27.2601934977198,76.9391701279642
"V",1.8,44,0,0,2,0,0,0,"N",2,4,4,27.2601934977198,88.323026932612
"V",1.79,53,70,22,1,4,10,0,"S",0,0,1,21.1644391140926,67.8129793654641
"V",1.72,49,0,4,5,0,0,0,"N",1,2,3,27.2601934977198,80.6465564436541
"M",1.76,53,20,0,0,7,8,0,"N",2,3,3,25.518549388112,79.0462585846157
"M",1.73,28,0,0,1,7,13,0,"N",2,3,3,27.2601934977198,81.5870331193255
"V",1.72,37,70,0,7,0,0,0,"N",0,3,3,21.1644391140926,62.6128766751315
"V",1.84,43,0,0,0,21,19,0,"N",1,2,4,27.2601934977198,92.29211110588
"V",1.92,35,40,18,0,0,5,0,"N",2,2,3,23.7769052785042,87.651183618678
"V",1.84,53,40,13,0,0,2,0,"N",2,2,2,23.7769052785042,80.499090510904
"M",1.65,35,120,0,2,1,0,0,"N",0,0,0,16.8103288400732,45.7661202670992
"M",1.61,18,20,0,0,0,0,0,"S",1,1,1,25.518549388112,66.1466318689251
"V",1.73,34,0,4,3,0,1,0,"N",2,3,2,27.2601934977198,81.5870331193255
"V",1.66,40,0,11,2,9,3,0,"N",1,3,3,27.2601934977198,75.1181892023166
"V",1.72,21,0,9,0,0,0,0,"N",2,2,2,27.2601934977198,80.6465564436541
"V",1.82,44,0,4,0,3,3,0,"N",0,1,0,27.2601934977198,90.2966649418469
"M",1.67,18,0,0,2,2,1,8,"N",2,3,1,27.2601934977198,76.0259536457906
"M",1.61,47,0,0,0,10,6,0,"N",1,2,3,27.2601934977198,70.6611475654394
"M",1.63,48,50,0,1,12,16,9,"N",1,1,0,22.9060832237004,60.8591725170495
"M",1.68,41,0,13,0,2,5,0,"N",0,1,1,27.2601934977198,76.9391701279642
"M",1.58,45,0,13,1,1,0,0,"N",2,3,4,27.2601934977198,68.0523470477076
"M",1.61,58,20,8,7,9,0,0,"N",2,3,2,25.518549388112,66.1466318689251
"M",1.62,38,0,0,5,0,0,0,"N",1,0,0,27.2601934977198,71.5416518154158
"V",1.8,51,80,7,0,0,4,0,"N",2,3,4,20.2936170592887,65.7513192720954
"M",1.68,64,0,3,0,7,1,0,"S",1,2,0,27.2601934977198,76.9391701279642
"M",1.69,43,0,9,0,0,0,0,"N",1,3,4,27.2601934977198,77.8578386488374
"V",1.61,28,0,13,0,6,1,0,"N",3,3,3,27.2601934977198,70.6611475654394
"M",1.68,43,0,5,2,0,0,2,"N",2,3,4,27.2601934977198,76.9391701279642
"V",1.74,65,0,13,4,8,7,0,"N",1,2,1,27.2601934977198,82.5329618336963
"V",1.75,55,50,0,0,0,0,0,"N",2,4,4,22.9060832237004,70.1498798725823
"V",1.77,18,30,3,2,0,4,5,"S",1,2,2,24.6477273333081,77.218864962521
"V",1.7,43,0,6,0,4,1,2,"N",2,2,2,27.2601934977198,78.7819592084101
"M",1.72,19,0,0,0,0,2,0,"N",1,2,1,27.2601934977198,80.6465564436541
"V",1.76,22,0,17,1,1,2,2,"N",0,1,2,27.2601934977198,84.4411753785367
"V",1.78,39,30,0,0,16,3,3,"N",1,1,3,24.6477273333081,78.0938592828534
"M",1.66,59,0,24,2,3,3,0,"N",0,1,2,27.2601934977198,75.1181892023166
"V",1.76,18,0,19,5,11,0,0,"N",0,1,1,27.2601934977198,84.4411753785367
"V",1.77,31,0,5,2,1,1,0,"N",2,4,4,27.2601934977198,85.4034602090062
"M",1.68,28,0,0,3,7,4,1,"N",2,2,3,27.2601934977198,76.9391701279642
"M",1.66,32,190,6,3,0,0,7,"N",0,3,4,10.714574456446,29.5250813721826
"V",1.71,44,0,0,2,20,25,1,"N",0,2,1,27.2601934977198,79.7115318066823
"V",1.82,27,30,11,0,2,4,0,"N",1,2,2,24.6477273333081,81.6431320188498
"V",1.77,70,0,0,0,12,9,0,"N",1,0,2,27.2601934977198,85.4034602090062
"V",1.71,42,0,0,3,10,9,0,"N",1,1,2,27.2601934977198,79.7115318066823
"M",1.72,18,0,0,1,1,3,0,"N",2,4,4,27.2601934977198,80.6465564436541
"V",1.79,29,0,0,2,42,19,0,"N",3,3,4,27.2601934977198,87.3443859860439
"V",1.77,31,0,0,2,13,8,0,"N",1,2,1,27.2601934977198,85.4034602090062
"M",1.63,54,0,17,1,0,4,0,"N",3,3,4,27.2601934977198,72.4276081040916
"M",1.54,38,0,20,5,2,4,0,"N",1,4,2,27.2601934977198,64.6502748991922
"M",1.61,45,0,24,0,3,1,3,"N",1,2,2,27.2601934977198,70.6611475654394
"M",1.68,62,120,1,0,17,13,0,"N",2,4,4,16.8103288400732,47.4454721182225
"V",1.77,18,0,0,1,6,0,0,"N",1,3,3,27.2601934977198,85.4034602090062
"V",1.77,26,0,0,1,1,0,0,"S",1,3,2,27.2601934977198,85.4034602090062
"V",1.63,54,0,0,0,30,17,0,"S",2,3,2,27.2601934977198,72.4276081040916
"V",1.77,30,0,0,3,7,2,1,"N",1,2,3,27.2601934977198,85.4034602090062
"M",1.62,35,0,0,6,0,0,0,"N",2,4,4,27.2601934977198,71.5416518154158
"V",1.67,30,140,15,6,0,7,5,"N",1,2,2,15.0686847304654,42.025054844795
"M",1.64,43,0,0,0,5,0,0,"N",0,1,0,27.2601934977198,73.3190164314671
"M",1.7,48,0,9,4,0,5,0,"N",3,4,4,27.2601934977198,78.7819592084101
"V",1.71,34,0,5,3,18,7,0,"N",1,3,3,27.2601934977198,79.7115318066823
"V",1.76,34,0,16,2,3,5,0,"N",1,3,4,27.2601934977198,84.4411753785367
"V",1.69,61,170,13,2,33,22,0,"N",1,1,2,12.4562185660538,35.5762058465062
"V",1.75,41,20,0,0,0,0,5,"N",3,4,2,25.518549388112,78.150557501093
"V",1.77,50,0,0,0,15,5,0,"N",1,3,2,27.2601934977198,85.4034602090062
"V",1.7,49,0,0,2,10,4,0,"N",1,1,1,27.2601934977198,78.7819592084101
"M",1.65,18,0,9,4,15,9,0,"N",3,4,4,27.2601934977198,74.215876797542
"V",1.77,18,0,13,0,2,0,0,"S",2,4,4,27.2601934977198,85.4034602090062
"M",1.66,56,50,7,5,0,1,0,"S",3,4,4,22.9060832237004,63.1200029312287
"V",1.8,57,60,0,4,10,9,0,"N",1,1,1,22.0352611688965,71.3942461872246
"V",1.75,47,0,3,1,24,4,0,"N",0,3,3,27.2601934977198,83.4843425867668
"V",1.75,41,30,1,2,0,0,0,"N",3,3,2,24.6477273333081,75.4836649582561
"M",1.69,21,20,18,0,16,2,0,"N",2,2,2,25.518549388112,72.8835289073867
"M",1.7,57,0,4,4,6,0,0,"N",1,2,2,27.2601934977198,78.7819592084101
"M",1.62,33,0,23,0,4,2,0,"N",1,1,0,27.2601934977198,71.5416518154158
"M",1.68,37,0,0,1,0,0,0,"N",2,2,2,27.2601934977198,76.9391701279642
"M",1.59,43,120,0,0,1,0,0,"N",1,1,2,16.8103288400732,42.498192340589
"M",1.59,34,0,8,1,8,2,0,"N",3,4,4,27.2601934977198,68.9164951815853
"V",1.81,55,0,12,3,0,1,0,"N",0,0,0,27.2601934977198,89.3071199178797
"V",1.84,33,0,1,2,6,3,2,"N",2,2,2,27.2601934977198,92.29211110588
"M",1.67,34,0,0,2,2,6,0,"N",3,3,4,27.2601934977198,76.0259536457906
"M",1.58,18,0,0,2,0,4,0,"N",1,2,3,27.2601934977198,68.0523470477076
"M",1.61,33,0,15,1,9,8,0,"N",1,2,0,27.2601934977198,70.6611475654394
"M",1.65,32,0,0,4,18,8,0,"N",3,3,3,27.2601934977198,74.215876797542
"V",1.76,47,0,3,0,12,8,0,"N",2,4,4,27.2601934977198,84.4411753785367
"V",1.73,32,40,11,0,13,6,0,"N",1,3,4,23.7769052785042,71.1618998080353
"M",1.66,18,10,0,0,10,3,0,"N",0,2,2,26.3893714429159,72.718551948099
"V",1.68,39,30,3,0,9,0,0,"N",0,0,0,24.6477273333081,69.5657456255288
"M",1.57,59,30,0,1,0,0,0,"N",0,1,2,24.6477273333081,60.7541831038712
"M",1.65,41,0,0,5,6,7,0,"N",1,3,4,27.2601934977198,74.215876797542
"M",1.69,45,0,17,0,15,11,2,"N",0,1,0,27.2601934977198,77.8578386488374
"M",1.59,33,0,7,2,0,2,5,"N",0,3,3,27.2601934977198,68.9164951815853
"V",1.76,40,0,0,0,8,5,0,"N",0,1,1,27.2601934977198,84.4411753785367
"M",1.76,50,0,1,3,0,4,0,"N",3,3,3,27.2601934977198,84.4411753785367
"V",1.74,45,0,21,3,0,0,1,"N",2,2,3,27.2601934977198,82.5329618336963
"M",1.62,32,0,0,0,1,5,0,"N",2,4,4,27.2601934977198,71.5416518154158
"M",1.67,46,0,0,3,0,2,0,"S",0,0,1,27.2601934977198,76.0259536457906
"M",1.72,22,50,2,0,10,1,0,"S",2,0,1,22.9060832237004,67.7653566089951
"V",1.72,30,0,15,2,11,6,0,"N",2,3,2,27.2601934977198,80.6465564436541
"M",1.72,35,0,4,3,0,3,0,"N",2,3,1,27.2601934977198,80.6465564436541
"V",1.75,27,0,6,0,9,0,0,"N",0,1,0,27.2601934977198,83.4843425867668
"V",1.75,30,30,8,3,18,9,0,"N",0,2,4,24.6477273333081,75.4836649582561
"V",1.74,29,0,3,4,0,0,0,"N",2,3,3,27.2601934977198,82.5329618336963
"M",1.7,28,100,14,0,11,7,0,"N",0,0,0,18.5519729496809,53.6152018245779
"V",1.77,63,80,0,0,11,0,4,"N",2,2,3,20.2936170592887,63.5778728850456
"V",1.74,67,0,0,10,0,3,0,"S",1,1,2,27.2601934977198,82.5329618336963
"V",1.66,38,50,28,0,0,4,4,"N",1,3,4,22.9060832237004,63.1200029312287
"M",1.59,44,0,3,0,0,0,0,"N",1,3,4,27.2601934977198,68.9164951815853
"V",1.68,68,0,0,4,16,5,0,"N",3,4,4,27.2601934977198,76.9391701279642
"M",1.6,32,0,0,2,2,0,0,"N",1,1,0,27.2601934977198,69.7860953541626
"V",1.73,41,0,0,0,4,0,0,"N",1,3,2,27.2601934977198,81.5870331193255
"V",1.81,45,0,10,0,0,0,1,"N",2,3,2,27.2601934977198,89.3071199178797
"V",1.78,60,70,8,2,0,2,0,"N",0,2,2,21.1644391140926,67.057408889091
"M",1.66,46,0,0,0,0,10,0,"N",1,3,2,27.2601934977198,75.1181892023166
"M",1.7,49,40,0,3,0,0,0,"N",2,4,4,23.7769052785042,68.7152562548772
"M",1.66,47,0,2,1,0,1,2,"N",1,2,1,27.2601934977198,75.1181892023166
"V",1.75,30,30,27,5,0,0,0,"N",1,2,4,24.6477273333081,75.4836649582561
"M",1.56,54,0,1,1,6,2,0,"N",1,2,2,27.2601934977198,66.3404068960508
"M",1.71,18,0,0,0,6,0,3,"N",0,1,0,27.2601934977198,79.7115318066823
"M",1.63,59,0,13,5,18,15,0,"N",2,2,0,27.2601934977198,72.4276081040916
"M",1.65,44,0,1,7,5,0,2,"N",2,3,2,27.2601934977198,74.215876797542
"V",1.86,20,0,0,0,29,2,0,"N",1,3,4,27.2601934977198,94.3093654247113
"V",1.75,24,0,13,1,0,12,0,"N",1,3,3,27.2601934977198,83.4843425867668
"V",1.8,18,0,0,3,0,0,0,"N",3,4,4,27.2601934977198,88.323026932612
"M",1.66,40,0,9,0,19,12,1,"N",0,0,0,27.2601934977198,75.1181892023166
"V",1.78,63,0,0,1,0,1,0,"N",2,4,2,27.2601934977198,86.3711970781753
"M",1.68,52,0,0,0,5,7,0,"N",1,3,2,27.2601934977198,76.9391701279642
"M",1.65,69,260,9,0,3,0,3,"N",2,3,4,4.61882007281885,12.5747376482493
"M",1.65,55,40,0,1,7,10,2,"N",1,1,1,23.7769052785042,64.7326246207278
"V",1.77,67,0,0,6,10,0,0,"N",1,2,2,27.2601934977198,85.4034602090062
"V",1.74,67,10,0,4,0,0,0,"N",0,0,0,26.3893714429159,79.8964609805721
"V",1.73,28,120,2,5,0,0,0,"N",1,0,0,16.8103288400732,50.311633185455
"V",1.81,47,0,0,7,0,0,0,"N",1,1,0,27.2601934977198,89.3071199178797
"V",1.78,59,0,0,0,8,5,0,"N",1,2,3,27.2601934977198,86.3711970781753
"V",1.8,43,0,0,0,0,6,0,"N",1,2,2,27.2601934977198,88.323026932612
"M",1.51,69,0,0,0,12,11,0,"N",0,1,2,27.2601934977198,62.1559671941508
"V",1.76,20,0,0,3,0,3,0,"N",2,2,2,27.2601934977198,84.4411753785367
"M",1.61,18,0,0,4,0,0,0,"N",1,2,1,27.2601934977198,70.6611475654394
"M",1.63,40,0,1,3,0,0,0,"N",3,3,3,27.2601934977198,72.4276081040916
"V",1.82,27,10,0,4,0,7,0,"N",1,0,0,26.3893714429159,87.4121539675146
"M",1.62,34,60,7,0,9,1,0,"N",3,3,4,22.0352611688965,57.8293394116519
"V",1.78,29,50,14,3,0,0,0,"N",0,0,1,22.9060832237004,72.5756340859722
"V",1.68,18,0,5,0,21,17,0,"N",1,3,1,27.2601934977198,76.9391701279642
"V",1.75,31,0,0,2,0,0,0,"N",0,1,1,27.2601934977198,83.4843425867668
"M",1.72,45,0,10,0,0,7,0,"N",0,1,1,27.2601934977198,80.6465564436541
"V",1.75,43,0,7,4,0,0,0,"N",0,1,1,27.2601934977198,83.4843425867668
"V",1.73,24,0,9,0,0,0,0,"N",1,1,1,27.2601934977198,81.5870331193255
"V",1.75,46,40,2,1,0,0,0,"N",3,3,4,23.7769052785042,72.8167724154192
"V",1.66,46,100,0,0,0,0,0,"N",1,2,4,18.5519729496809,51.1218166601408
"V",1.8,35,0,0,0,7,14,0,"N",4,4,4,27.2601934977198,88.323026932612
"V",1.87,40,0,6,2,0,0,0,"N",2,4,3,27.2601934977198,95.3261706421763
"M",1.67,59,30,14,1,8,6,0,"N",1,1,0,24.6477273333081,68.740046759863
"V",1.77,32,0,0,2,27,11,0,"N",0,2,2,27.2601934977198,85.4034602090062
"M",1.58,66,60,0,1,0,0,0,"N",1,2,2,22.0352611688965,55.0088259820332
"M",1.66,29,130,0,0,0,0,0,"N",1,0,0,15.9395067852693,43.9229048974881
"V",1.74,32,0,10,0,0,0,0,"N",2,3,1,27.2601934977198,82.5329618336963
"M",1.6,43,0,9,1,9,7,0,"N",2,4,4,27.2601934977198,69.7860953541626
"M",1.57,70,60,5,2,6,10,0,"N",2,3,3,22.0352611688965,54.3147152552129
"M",1.69,18,0,0,6,0,1,0,"N",1,3,4,27.2601934977198,77.8578386488374
"M",1.62,51,20,7,3,5,4,0,"N",1,3,4,25.518549388112,66.9708810141612
"M",1.63,48,0,0,2,7,6,0,"N",2,3,4,27.2601934977198,72.4276081040916
"V",1.71,18,0,1,5,3,2,0,"N",0,1,1,27.2601934977198,79.7115318066823
"V",1.73,42,0,0,1,26,8,0,"N",0,2,2,27.2601934977198,81.5870331193255
"M",1.66,35,90,0,6,0,0,0,"N",1,2,1,19.4227950044848,53.5214539143584
"V",1.74,38,50,11,1,5,4,3,"N",1,0,0,22.9060832237004,69.3504575680752
"V",1.76,37,0,0,2,10,4,2,"N",2,4,2,27.2601934977198,84.4411753785367
"M",1.57,18,0,0,0,1,1,0,"N",3,3,3,27.2601934977198,67.1936509525294
"M",1.71,47,0,2,0,10,7,4,"N",2,4,3,27.2601934977198,79.7115318066823
"M",1.63,24,0,0,2,5,1,0,"N",2,2,2,27.2601934977198,72.4276081040916
"V",1.73,23,0,8,4,0,4,0,"N",2,3,2,27.2601934977198,81.5870331193255
"M",1.57,76,0,0,1,18,0,0,"N",1,3,3,27.2601934977198,67.1936509525294
"M",1.63,60,0,0,2,0,8,0,"N",2,3,3,27.2601934977198,72.4276081040916
"V",1.78,36,0,11,0,0,0,0,"N",3,4,1,27.2601934977198,86.3711970781753
"M",1.63,40,90,8,6,0,0,1,"N",0,2,2,19.4227950044848,51.6044240474157
"V",1.8,18,0,2,1,6,0,0,"N",1,1,2,27.2601934977198,88.323026932612
"V",1.72,47,0,11,1,0,6,0,"N",1,1,1,27.2601934977198,80.6465564436541
"V",1.74,72,0,0,4,0,0,3,"N",1,3,4,27.2601934977198,82.5329618336963
"M",1.73,47,0,14,1,9,2,0,"N",1,1,1,27.2601934977198,81.5870331193255
"V",1.79,24,0,0,0,9,7,0,"N",3,4,4,27.2601934977198,87.3443859860439
"M",1.74,40,0,1,0,0,0,0,"N",2,4,4,27.2601934977198,82.5329618336963
"M",1.74,40,90,0,4,0,1,0,"N",2,3,2,19.4227950044848,58.8044541555783
"M",1.69,45,0,8,0,35,16,0,"N",1,2,3,27.2601934977198,77.8578386488374
"M",1.69,53,0,0,0,1,3,0,"N",1,3,4,27.2601934977198,77.8578386488374
"M",1.69,20,30,11,0,0,0,1,"N",1,1,2,24.6477273333081,70.3963740366613
"M",1.61,52,0,18,2,15,1,0,"N",1,2,2,27.2601934977198,70.6611475654394
"M",1.61,43,0,0,2,4,0,0,"N",0,1,0,27.2601934977198,70.6611475654394
"M",1.57,45,0,0,1,26,14,0,"N",4,4,4,27.2601934977198,67.1936509525294
"V",1.79,44,0,16,1,11,5,0,"N",2,1,0,27.2601934977198,87.3443859860439
"V",1.8,56,0,0,4,0,0,0,"N",1,3,2,27.2601934977198,88.323026932612
"M",1.72,57,120,0,1,0,0,3,"N",1,1,1,16.8103288400732,49.7316768404725
"V",1.71,38,0,10,4,0,2,0,"N",3,4,4,27.2601934977198,79.7115318066823
"M",1.6,20,0,16,3,0,9,0,"N",1,0,0,27.2601934977198,69.7860953541626
"M",1.58,18,0,0,5,6,5,0,"N",2,4,4,27.2601934977198,68.0523470477076
"M",1.71,59,0,5,0,15,4,0,"N",0,1,2,27.2601934977198,79.7115318066823
"M",1.69,34,0,0,0,0,0,0,"N",3,4,4,27.2601934977198,77.8578386488374
"V",1.77,55,0,0,0,12,5,0,"N",2,3,1,27.2601934977198,85.4034602090062
"V",1.79,56,0,0,0,33,7,0,"S",0,1,2,27.2601934977198,87.3443859860439
"M",1.65,34,0,3,7,6,3,0,"N",3,4,4,27.2601934977198,74.215876797542
"V",1.73,54,0,0,2,0,0,0,"N",1,2,3,27.2601934977198,81.5870331193255
"V",1.77,42,0,0,0,0,0,0,"N",0,1,1,27.2601934977198,85.4034602090062
"V",1.81,18,0,1,5,2,0,0,"N",2,4,4,27.2601934977198,89.3071199178797
"V",1.8,39,20,0,0,0,1,0,"N",2,0,1,25.518549388112,82.6801000174829
"V",1.76,42,0,0,0,2,0,8,"N",0,0,0,27.2601934977198,84.4411753785367
"V",1.78,40,0,7,1,0,0,0,"N",1,2,2,27.2601934977198,86.3711970781753
"M",1.59,18,0,0,2,17,15,0,"N",2,3,1,27.2601934977198,68.9164951815853
"M",1.68,41,0,0,2,5,0,0,"N",1,4,4,27.2601934977198,76.9391701279642
"M",1.61,20,80,0,0,0,0,0,"S",2,3,2,20.2936170592887,52.6030847793823
"V",1.77,72,0,0,1,11,2,1,"N",2,2,3,27.2601934977198,85.4034602090062
"M",1.7,43,70,0,1,7,6,0,"S",2,3,4,21.1644391140926,61.1652290397276
"V",1.81,43,0,11,0,0,1,0,"N",1,2,0,27.2601934977198,89.3071199178797
"M",1.72,43,0,11,0,17,0,0,"N",2,4,4,27.2601934977198,80.6465564436541
"V",1.72,23,0,0,3,6,0,0,"N",0,0,0,27.2601934977198,80.6465564436541
"M",1.65,18,0,7,0,7,7,0,"N",0,1,0,27.2601934977198,74.215876797542
"M",1.67,31,0,0,1,1,2,0,"N",0,1,0,27.2601934977198,76.0259536457906
"M",1.69,61,30,6,0,0,7,0,"N",1,1,2,24.6477273333081,70.3963740366613
"V",1.72,55,0,8,4,17,9,0,"N",2,3,4,27.2601934977198,80.6465564436541
"V",1.7,38,10,0,4,0,1,5,"N",1,2,3,26.3893714429159,76.2652834700269
"V",1.79,49,0,4,5,0,6,0,"N",0,3,3,27.2601934977198,87.3443859860439
"V",1.7,61,70,0,2,6,1,1,"N",2,4,4,21.1644391140926,61.1652290397276
"V",1.69,68,0,8,7,2,4,8,"N",2,3,3,27.2601934977198,77.8578386488374
"V",1.73,47,10,14,3,9,0,0,"N",0,0,0,26.3893714429159,78.9807497915029
"M",1.65,27,0,17,0,2,0,0,"N",1,1,4,27.2601934977198,74.215876797542
"M",1.69,44,0,0,0,1,0,0,"N",1,2,2,27.2601934977198,77.8578386488374
"M",1.67,18,0,0,2,4,0,0,"N",2,3,2,27.2601934977198,76.0259536457906
"V",1.83,18,0,0,1,1,11,0,"N",0,1,2,27.2601934977198,91.2916620045137
"M",1.63,79,130,0,2,1,0,2,"N",0,1,0,15.9395067852693,42.349675577782
"M",1.57,42,100,6,2,9,12,0,"N",4,4,4,18.5519729496809,45.7287581236686
"M",1.68,46,0,0,0,8,0,0,"N",0,1,0,27.2601934977198,76.9391701279642
"V",1.75,24,30,2,2,24,11,0,"N",1,4,4,24.6477273333081,75.4836649582561
"M",1.72,42,10,8,1,0,0,0,"N",3,3,4,26.3893714429159,78.0703164767223
"V",1.77,48,0,7,1,13,10,0,"N",2,3,2,27.2601934977198,85.4034602090062
"M",1.72,39,0,7,2,12,0,0,"N",1,3,3,27.2601934977198,80.6465564436541
"M",1.68,63,0,0,3,4,0,0,"N",1,1,2,27.2601934977198,76.9391701279642
"V",1.73,48,60,0,5,5,7,1,"N",3,4,4,22.0352611688965,65.9493331523903
"M",1.61,72,0,14,0,14,12,5,"S",1,3,4,27.2601934977198,70.6611475654394
"V",1.81,20,0,16,0,0,7,2,"S",2,3,2,27.2601934977198,89.3071199178797
"V",1.76,51,0,0,1,12,0,0,"N",0,4,4,27.2601934977198,84.4411753785367
"M",1.72,35,120,0,2,4,1,4,"N",2,2,3,16.8103288400732,49.7316768404725
"M",1.63,40,0,2,2,0,8,1,"N",1,2,2,27.2601934977198,72.4276081040916
"M",1.62,30,0,10,1,5,3,0,"N",2,2,2,27.2601934977198,71.5416518154158
"M",1.61,37,50,7,2,7,0,5,"N",3,3,4,22.9060832237004,59.3748583241537
"V",1.71,41,0,9,6,0,0,1,"N",2,4,2,27.2601934977198,79.7115318066823
"M",1.68,51,0,0,0,12,14,0,"N",0,1,0,27.2601934977198,76.9391701279642
"M",1.73,45,0,1,1,8,7,0,"N",2,4,4,27.2601934977198,81.5870331193255
"M",1.59,27,0,5,0,0,0,0,"N",2,2,0,27.2601934977198,68.9164951815853
"V",1.65,52,0,0,1,10,6,0,"N",3,4,4,27.2601934977198,74.215876797542
"V",1.73,46,0,0,5,0,3,0,"N",0,1,1,27.2601934977198,81.5870331193255
"V",1.68,18,0,3,0,0,0,0,"N",0,0,0,27.2601934977198,76.9391701279642
"M",1.74,18,0,0,0,9,4,0,"N",1,2,1,27.2601934977198,82.5329618336963
"V",1.68,54,0,0,0,3,1,0,"N",2,4,4,27.2601934977198,76.9391701279642
"V",1.81,23,0,0,0,0,2,0,"N",2,4,3,27.2601934977198,89.3071199178797
"V",1.75,49,0,12,1,14,7,0,"S",2,4,4,27.2601934977198,83.4843425867668
"V",1.78,60,0,6,2,0,0,0,"N",3,3,4,27.2601934977198,86.3711970781753
"V",1.77,46,20,0,11,0,0,0,"N",2,4,3,25.518549388112,79.9470633780161
"V",1.8,23,10,0,2,17,2,0,"N",2,3,3,26.3893714429159,85.5015634750475
"M",1.71,41,50,3,3,3,0,0,"N",0,2,1,22.9060832237004,66.9796779544222
"V",1.77,41,0,0,1,1,0,0,"N",3,4,4,27.2601934977198,85.4034602090062
"V",1.74,60,0,0,3,19,13,0,"N",4,4,3,27.2601934977198,82.5329618336963
"V",1.68,47,200,0,0,4,0,0,"N",1,2,0,9.84375240164213,27.7830067783948
"V",1.75,28,0,0,1,0,4,0,"N",2,4,4,27.2601934977198,83.4843425867668
"M",1.6,59,0,13,1,16,8,0,"N",0,0,0,27.2601934977198,69.7860953541626
"M",1.72,27,0,0,6,0,0,1,"N",0,1,2,27.2601934977198,80.6465564436541
"V",1.68,25,0,0,4,0,0,0,"N",1,3,1,27.2601934977198,76.9391701279642
"M",1.61,48,150,5,6,0,3,0,"N",1,3,2,14.1978626756615,36.8022798415823
"M",1.67,41,100,11,3,2,0,0,"N",1,2,1,18.5519729496809,51.7395973593652
"M",1.54,43,0,2,1,2,0,0,"N",3,4,3,27.2601934977198,64.6502748991922
"V",1.75,68,0,0,0,1,1,0,"N",1,2,0,27.2601934977198,83.4843425867668
"V",1.75,44,0,9,1,0,0,0,"N",2,3,4,27.2601934977198,83.4843425867668
"V",1.79,52,0,0,0,14,1,0,"N",2,4,3,27.2601934977198,87.3443859860439
"M",1.64,26,0,17,3,6,0,0,"N",0,2,3,27.2601934977198,73.3190164314671
"V",1.75,25,70,17,2,11,8,0,"N",0,1,1,21.1644391140926,64.8160947869086
"M",1.72,19,40,3,1,0,0,0,"N",3,4,4,23.7769052785042,70.3415965759269
"V",1.84,29,0,8,2,8,0,0,"N",1,3,3,27.2601934977198,92.29211110588
"V",1.83,30,0,4,1,3,0,0,"N",1,2,2,27.2601934977198,91.2916620045137
"M",1.63,32,0,0,1,16,9,0,"N",1,2,2,27.2601934977198,72.4276081040916
"V",1.7,45,0,4,7,0,0,0,"N",0,0,1,27.2601934977198,78.7819592084101
"M",1.62,32,0,2,1,20,14,0,"N",1,0,1,27.2601934977198,71.5416518154158
"V",1.8,18,0,0,1,4,8,0,"N",2,4,4,27.2601934977198,88.323026932612
"M",1.54,34,0,11,0,3,1,0,"N",0,0,2,27.2601934977198,64.6502748991922
"V",1.81,40,10,0,0,7,0,0,"N",1,4,4,26.3893714429159,86.4542197841367
"M",1.62,32,0,0,2,0,0,0,"N",1,1,3,27.2601934977198,71.5416518154158
"V",1.7,46,110,2,3,10,1,0,"N",0,1,1,17.6811508948771,51.0985260861947
"M",1.79,50,110,0,1,7,16,0,"N",1,2,1,17.6811508948771,56.6521755822756
"M",1.65,48,0,0,2,0,0,0,"N",1,1,2,27.2601934977198,74.215876797542
"V",1.79,29,0,0,2,6,13,5,"N",1,1,2,27.2601934977198,87.3443859860439
"V",1.75,35,0,15,0,0,1,0,"N",2,2,3,27.2601934977198,83.4843425867668
"V",1.76,56,0,14,0,24,7,0,"N",3,4,4,27.2601934977198,84.4411753785367
"M",1.66,18,0,0,0,0,1,0,"N",2,2,2,27.2601934977198,75.1181892023166
"M",1.66,53,0,0,2,0,0,0,"N",1,1,1,27.2601934977198,75.1181892023166
"V",1.76,27,0,0,1,16,12,0,"N",1,3,3,27.2601934977198,84.4411753785367
"V",1.73,33,0,0,0,0,0,0,"N",3,4,4,27.2601934977198,81.5870331193255
"M",1.68,26,0,0,7,0,4,0,"N",2,2,1,27.2601934977198,76.9391701279642
"M",1.68,60,0,0,5,7,8,0,"N",3,4,3,27.2601934977198,76.9391701279642
"M",1.59,46,0,0,2,0,0,2,"N",2,4,4,27.2601934977198,68.9164951815853
"V",1.68,46,0,13,0,24,18,0,"N",1,2,2,27.2601934977198,76.9391701279642
"M",1.56,27,0,5,1,16,5,0,"N",1,2,1,27.2601934977198,66.3404068960508
"M",1.63,57,40,2,0,35,16,1,"S",0,0,0,23.7769052785042,63.1728596344579
"V",1.71,35,0,3,0,10,4,0,"N",0,1,1,27.2601934977198,79.7115318066823
"V",1.72,53,0,12,3,8,6,0,"N",1,3,4,27.2601934977198,80.6465564436541
"M",1.64,47,0,0,0,6,0,0,"N",0,1,1,27.2601934977198,73.3190164314671
"M",1.75,37,0,0,0,0,0,0,"N",3,4,4,27.2601934977198,83.4843425867668
"M",1.65,63,0,0,0,0,3,6,"N",3,4,4,27.2601934977198,74.215876797542
"M",1.67,57,10,1,0,14,4,0,"N",4,4,4,26.3893714429159,73.5973180171481
"V",1.77,52,40,0,0,6,4,0,"N",1,2,1,23.7769052785042,74.4906665470259
"V",1.74,33,0,10,0,1,11,0,"N",1,1,2,27.2601934977198,82.5329618336963
"V",1.85,24,50,9,3,0,0,1,"N",1,2,1,22.9060832237004,78.3960698331145
"V",1.77,72,0,0,0,0,2,0,"N",1,2,3,27.2601934977198,85.4034602090062
"V",1.78,48,0,0,0,2,14,0,"N",0,1,3,27.2601934977198,86.3711970781753
"M",1.71,23,90,0,0,0,5,1,"N",2,3,2,19.4227950044848,56.7941948726141
"M",1.64,38,150,0,8,0,2,0,"N",1,2,3,14.1978626756615,38.1865714524593
"V",1.79,31,10,0,2,4,0,0,"N",2,3,3,26.3893714429159,84.5541850402468
"M",1.66,52,0,6,3,20,10,0,"S",2,4,4,27.2601934977198,75.1181892023166
"M",1.66,39,0,0,3,0,2,0,"N",0,1,0,27.2601934977198,75.1181892023166
"M",1.7,66,0,7,5,0,0,0,"N",3,4,3,27.2601934977198,78.7819592084101
"V",1.71,33,0,0,2,2,11,0,"N",0,1,1,27.2601934977198,79.7115318066823
"V",1.82,61,90,25,2,5,0,0,"N",1,3,3,19.4227950044848,64.3360661728556
"M",1.69,86,0,22,4,6,0,0,"S",2,2,2,27.2601934977198,77.8578386488374
"M",1.6,18,110,10,0,25,17,4,"N",1,2,3,17.6811508948771,45.2637462908853
"V",1.85,49,0,0,0,4,0,0,"N",0,1,1,27.2601934977198,93.2980122459459
"M",1.56,27,0,27,1,0,4,0,"N",3,4,4,27.2601934977198,66.3404068960508
"V",1.74,18,160,0,2,0,0,0,"N",1,3,4,13.3270406208577,40.3489481837087
"M",1.65,37,0,0,3,29,16,0,"N",0,2,1,27.2601934977198,74.215876797542
"V",1.75,52,50,16,0,0,0,0,"S",0,0,0,22.9060832237004,70.1498798725823
"M",1.66,21,0,0,2,1,0,4,"N",2,2,3,27.2601934977198,75.1181892023166
"V",1.79,44,0,3,0,2,0,0,"N",2,2,2,27.2601934977198,87.3443859860439
"M",1.62,37,0,15,0,9,11,0,"N",0,0,0,27.2601934977198,71.5416518154158
"V",1.8,41,0,4,1,0,0,0,"N",3,4,4,27.2601934977198,88.323026932612
"V",1.76,52,0,5,2,7,4,0,"N",0,2,3,27.2601934977198,84.4411753785367
"V",1.63,59,0,0,1,0,11,0,"N",3,4,3,27.2601934977198,72.4276081040916
"M",1.62,19,0,0,2,0,0,1,"N",1,2,3,27.2601934977198,71.5416518154158
"M",1.67,46,0,3,1,0,11,0,"N",0,2,1,27.2601934977198,76.0259536457906
"V",1.78,38,0,0,4,1,0,0,"N",3,3,3,27.2601934977198,86.3711970781753
"V",1.74,38,0,20,2,10,7,0,"N",1,3,2,27.2601934977198,82.5329618336963
"V",1.65,26,0,14,2,10,6,0,"N",3,3,3,27.2601934977198,74.215876797542
"V",1.73,42,0,0,1,0,4,0,"N",1,3,3,27.2601934977198,81.5870331193255
"M",1.69,68,30,9,1,7,0,2,"N",1,1,3,24.6477273333081,70.3963740366613
"M",1.64,53,0,0,2,1,9,0,"N",0,1,1,27.2601934977198,73.3190164314671
"M",1.78,48,0,4,0,0,0,0,"N",2,1,2,27.2601934977198,86.3711970781753
"M",1.63,20,0,0,2,7,0,0,"N",2,2,1,27.2601934977198,72.4276081040916
"V",1.77,35,0,0,0,0,2,0,"N",1,3,4,27.2601934977198,85.4034602090062
"V",1.73,41,0,1,4,0,1,0,"N",2,2,1,27.2601934977198,81.5870331193255
"M",1.65,24,120,0,0,9,14,3,"N",2,3,2,16.8103288400732,45.7661202670992
"V",1.79,25,0,5,3,3,0,0,"N",2,3,4,27.2601934977198,87.3443859860439
"V",1.7,18,0,0,1,0,0,0,"N",1,0,0,27.2601934977198,78.7819592084101
"M",1.73,63,0,6,3,0,0,0,"N",0,1,1,27.2601934977198,81.5870331193255
"M",1.76,39,10,3,5,6,4,0,"N",0,1,1,26.3893714429159,81.7437169815762
"M",1.71,42,0,0,0,34,13,0,"N",2,4,4,27.2601934977198,79.7115318066823
"V",1.77,49,130,5,5,2,0,0,"N",0,1,1,15.9395067852693,49.9368808075702
"V",1.72,32,0,6,0,0,0,0,"N",1,1,0,27.2601934977198,80.6465564436541
"M",1.6,49,10,4,2,0,4,0,"N",2,3,3,26.3893714429159,67.5567908938647
"M",1.65,30,0,0,0,14,9,1,"N",3,4,4,27.2601934977198,74.215876797542
"V",1.71,28,10,0,4,0,6,0,"N",2,2,4,26.3893714429159,77.1651610362303
"V",1.68,38,90,0,5,0,3,0,"N",0,0,0,19.4227950044848,54.818896620658
"V",1.72,38,0,21,0,10,7,0,"N",2,3,3,27.2601934977198,80.6465564436541
"M",1.58,35,0,0,0,4,0,0,"N",0,0,0,27.2601934977198,68.0523470477076
"V",1.74,44,0,0,5,3,10,2,"N",2,4,4,27.2601934977198,82.5329618336963
"V",1.77,44,0,0,5,0,0,0,"N",1,1,0,27.2601934977198,85.4034602090062
"V",1.75,42,60,0,0,10,4,0,"N",1,3,2,22.0352611688965,67.4829873297454
"V",1.69,60,0,8,5,0,1,3,"N",1,2,2,27.2601934977198,77.8578386488374
"M",1.65,48,0,12,3,5,5,0,"N",0,1,2,27.2601934977198,74.215876797542
"M",1.65,39,0,0,2,12,8,0,"N",2,4,3,27.2601934977198,74.215876797542
"V",1.75,56,10,0,2,3,8,0,"N",1,2,3,26.3893714429159,80.8174500439299
"V",1.77,28,60,5,1,1,2,0,"N",0,1,1,22.0352611688965,69.0342697160358
"M",1.68,30,50,10,2,0,0,0,"N",0,0,0,22.9060832237004,64.6501292905719
"V",1.74,19,0,0,0,0,0,0,"N",2,4,4,27.2601934977198,82.5329618336963
"M",1.73,36,0,13,0,13,0,0,"N",1,4,4,27.2601934977198,81.5870331193255
"V",1.87,18,0,0,0,0,4,0,"N",2,3,4,27.2601934977198,95.3261706421763
"M",1.59,31,40,0,0,0,3,0,"N",0,0,1,23.7769052785042,60.1103942345866
"M",1.71,29,0,21,0,0,1,0,"N",1,3,4,27.2601934977198,79.7115318066823
"V",1.82,67,0,0,3,9,5,0,"N",3,4,3,27.2601934977198,90.2966649418469
"M",1.69,18,0,7,0,7,9,2,"N",0,0,0,27.2601934977198,77.8578386488374
"M",1.6,50,0,4,0,8,0,0,"N",2,2,3,27.2601934977198,69.7860953541626
"M",1.54,35,0,0,1,0,0,0,"N",0,1,0,27.2601934977198,64.6502748991922
"V",1.72,82,190,8,0,0,0,0,"N",2,4,4,10.714574456446,31.6979970719499
"M",1.68,63,0,0,0,0,2,0,"N",0,1,1,27.2601934977198,76.9391701279642
"M",1.6,61,0,0,1,17,0,0,"N",0,0,0,27.2601934977198,69.7860953541626
"M",1.74,50,0,0,3,0,0,0,"N",1,2,4,27.2601934977198,82.5329618336963
"M",1.72,23,0,0,2,0,5,0,"N",4,4,4,27.2601934977198,80.6465564436541
"M",1.64,37,0,0,1,10,8,5,"N",1,3,4,27.2601934977198,73.3190164314671
"V",1.86,31,50,4,6,0,0,0,"N",0,0,0,22.9060832237004,79.2458855207138
"M",1.63,41,0,10,0,4,3,4,"N",1,1,2,27.2601934977198,72.4276081040916
"V",1.75,22,0,0,1,3,0,0,"N",0,2,2,27.2601934977198,83.4843425867668
"M",1.6,35,0,8,5,2,9,0,"N",0,1,1,27.2601934977198,69.7860953541626
"M",1.67,40,0,0,0,33,21,0,"N",1,2,2,27.2601934977198,76.0259536457906
"V",1.72,42,0,1,0,0,0,0,"N",1,0,0,27.2601934977198,80.6465564436541
"V",1.67,61,160,0,4,0,0,0,"N",1,2,0,13.3270406208577,37.1677835875099
"V",1.75,21,90,10,6,14,18,0,"N",1,1,0,19.4227950044848,59.4823097012348
"M",1.67,61,10,0,3,10,11,1,"N",0,4,4,26.3893714429159,73.5973180171481
"V",1.75,37,0,0,9,0,3,0,"N",2,3,3,27.2601934977198,83.4843425867668
"V",1.75,46,0,5,2,6,9,3,"N",1,2,1,27.2601934977198,83.4843425867668
"V",1.7,50,0,0,6,0,0,0,"N",2,4,4,27.2601934977198,78.7819592084101
"V",1.8,60,0,11,1,9,0,0,"N",1,3,2,27.2601934977198,88.323026932612
"V",1.7,27,0,0,4,3,0,0,"S",1,3,3,27.2601934977198,78.7819592084101
"M",1.72,18,0,0,2,0,0,0,"N",0,1,1,27.2601934977198,80.6465564436541
"V",1.68,67,0,0,7,11,0,3,"N",0,0,0,27.2601934977198,76.9391701279642
"V",1.71,54,0,4,6,12,10,0,"N",0,0,0,27.2601934977198,79.7115318066823
"V",1.69,53,0,0,8,0,1,0,"N",1,1,0,27.2601934977198,77.8578386488374
"V",1.81,95,120,4,0,0,0,0,"N",1,1,1,16.8103288400732,55.0723183129638
"M",1.64,34,0,15,0,16,8,0,"N",2,3,4,27.2601934977198,73.3190164314671
"M",1.62,23,10,0,4,0,3,0,"N",2,3,4,26.3893714429159,69.2562664147885
"M",1.67,50,50,0,3,0,0,0,"N",2,2,0,22.9060832237004,63.8827755025779
"M",1.67,46,0,7,0,14,7,0,"N",1,4,3,27.2601934977198,76.0259536457906
"V",1.68,66,10,14,1,4,11,0,"N",0,2,2,26.3893714429159,74.4813619604858
"M",1.68,47,0,0,0,0,0,0,"N",2,4,4,27.2601934977198,76.9391701279642
"M",1.69,38,60,0,4,1,0,0,"N",0,1,1,22.0352611688965,62.9349094244852
"M",1.6,18,220,0,0,11,1,0,"N",1,2,2,8.10210829203437,20.741397227608
"V",1.82,47,0,0,5,0,0,0,"N",1,4,4,27.2601934977198,90.2966649418469
"V",1.68,31,90,7,3,22,21,0,"N",2,1,1,19.4227950044848,54.818896620658
"V",1.74,69,90,0,0,0,4,0,"N",1,3,3,19.4227950044848,58.8044541555783
"M",1.69,69,150,9,0,9,7,10,"N",0,3,4,14.1978626756615,40.5505155879569
"V",1.67,31,40,7,0,16,2,0,"N",3,4,3,23.7769052785042,66.3114111312205
"V",1.79,44,0,0,0,8,2,0,"N",2,1,0,27.2601934977198,87.3443859860439
"M",1.6,37,0,9,2,4,6,0,"N",0,0,0,27.2601934977198,69.7860953541626
"V",1.76,28,0,5,1,6,0,1,"N",1,0,0,27.2601934977198,84.4411753785367
"V",1.8,58,0,5,1,7,0,3,"N",1,2,3,27.2601934977198,88.323026932612
"V",1.69,28,0,0,0,13,8,0,"N",0,2,1,27.2601934977198,77.8578386488374
"V",1.78,70,0,7,0,4,3,0,"N",0,1,0,27.2601934977198,86.3711970781753
"M",1.62,35,80,2,2,17,6,0,"N",1,3,3,20.2936170592887,53.2585686103973
"V",1.76,38,0,0,2,3,1,0,"N",1,1,0,27.2601934977198,84.4411753785367
"M",1.5,38,110,0,6,2,16,5,"N",1,1,2,17.6811508948771,39.7825895134734
"V",1.76,18,0,0,0,6,3,0,"N",2,4,4,27.2601934977198,84.4411753785367
"V",1.67,72,40,0,0,0,1,0,"N",0,1,0,23.7769052785042,66.3114111312205
"M",1.72,26,0,2,8,0,0,0,"N",1,3,3,27.2601934977198,80.6465564436541
"M",1.62,25,0,7,1,0,0,0,"N",0,1,1,27.2601934977198,71.5416518154158
"V",1.69,25,130,7,0,8,2,0,"N",2,2,2,15.9395067852693,45.5248253294077
"V",1.78,42,0,0,7,0,6,1,"N",1,1,2,27.2601934977198,86.3711970781753
"M",1.61,27,0,3,0,20,16,1,"N",1,0,2,27.2601934977198,70.6611475654394
"M",1.64,46,0,0,3,7,0,0,"N",1,4,4,27.2601934977198,73.3190164314671
"V",1.73,18,0,0,0,17,9,3,"N",0,0,0,27.2601934977198,81.5870331193255
"M",1.7,50,10,7,0,16,6,4,"N",2,1,2,26.3893714429159,76.2652834700269
"V",1.71,31,0,0,0,2,5,0,"N",1,2,2,27.2601934977198,79.7115318066823
"V",1.76,64,30,0,1,0,2,0,"N",2,2,2,24.6477273333081,76.3488001876552
"V",1.79,40,0,15,4,0,7,0,"N",2,3,3,27.2601934977198,87.3443859860439
"V",1.8,33,0,0,1,9,3,0,"N",2,2,2,27.2601934977198,88.323026932612
"V",1.7,51,30,0,0,10,8,0,"S",1,2,3,24.6477273333081,71.2319319932605
"M",1.63,32,90,9,1,10,0,0,"N",1,2,2,19.4227950044848,51.6044240474157
"V",1.77,42,0,0,4,26,20,2,"N",2,2,3,27.2601934977198,85.4034602090062
"M",1.68,69,0,4,9,0,0,0,"N",0,3,2,27.2601934977198,76.9391701279642
"M",1.58,60,0,15,1,0,3,0,"N",0,1,1,27.2601934977198,68.0523470477076
"V",1.79,43,120,18,5,0,1,0,"N",2,4,3,16.8103288400732,53.8619746364785
"M",1.65,44,0,0,6,19,12,2,"N",0,2,2,27.2601934977198,74.215876797542
"V",1.82,35,0,0,2,0,0,0,"N",3,4,2,27.2601934977198,90.2966649418469
"V",1.74,49,100,1,5,9,11,4,"N",0,1,2,18.5519729496809,56.167953302454
"V",1.74,37,0,4,4,5,2,0,"N",1,2,3,27.2601934977198,82.5329618336963
"M",1.7,33,0,0,1,6,0,0,"N",2,4,4,27.2601934977198,78.7819592084101
"V",1.82,44,30,0,1,6,7,0,"N",1,3,2,24.6477273333081,81.6431320188498
"V",1.66,34,0,2,0,0,4,0,"N",3,4,4,27.2601934977198,75.1181892023166
"V",1.8,38,0,0,5,0,0,0,"N",3,4,3,27.2601934977198,88.323026932612
"M",1.62,44,0,2,0,0,0,0,"N",0,1,1,27.2601934977198,71.5416518154158
"V",1.74,39,0,8,5,4,2,0,"N",1,2,1,27.2601934977198,82.5329618336963
"M",1.68,40,0,2,5,9,1,0,"N",0,1,2,27.2601934977198,76.9391701279642
"V",1.82,42,0,4,0,4,0,0,"N",2,3,3,27.2601934977198,90.2966649418469
"V",1.81,65,0,7,8,5,0,0,"N",1,2,3,27.2601934977198,89.3071199178797
"M",1.65,43,0,2,0,12,9,0,"N",1,2,1,27.2601934977198,74.215876797542
"V",1.8,57,0,0,1,15,11,0,"N",3,3,3,27.2601934977198,88.323026932612
"V",1.68,42,40,0,0,13,4,0,"N",2,3,4,23.7769052785042,67.1079374580503
"M",1.66,44,60,0,0,6,6,1,"N",1,1,1,22.0352611688965,60.7203656770111
"M",1.66,23,0,0,5,0,0,0,"N",1,2,0,27.2601934977198,75.1181892023166
"V",1.76,45,10,5,1,1,0,0,"N",2,3,2,26.3893714429159,81.7437169815762
"V",1.82,53,0,0,1,0,0,0,"N",1,3,2,27.2601934977198,90.2966649418469
"M",1.58,41,0,0,0,6,0,0,"N",0,1,1,27.2601934977198,68.0523470477076
"M",1.66,25,0,0,0,0,0,1,"N",1,1,0,27.2601934977198,75.1181892023166
"M",1.7,57,0,0,1,2,5,0,"N",1,2,2,27.2601934977198,78.7819592084101
"M",1.67,74,0,0,1,0,4,0,"N",0,1,1,27.2601934977198,76.0259536457906
"V",1.81,44,30,8,0,0,1,0,"N",1,2,3,24.6477273333081,80.7484195166507
"M",1.64,38,0,0,2,0,3,0,"N",3,4,4,27.2601934977198,73.3190164314671
"V",1.77,29,0,4,0,10,3,0,"N",0,1,1,27.2601934977198,85.4034602090062
"V",1.71,36,0,0,1,0,0,0,"N",2,1,1,27.2601934977198,79.7115318066823
"V",1.73,54,0,0,2,3,0,0,"N",1,2,2,27.2601934977198,81.5870331193255
"M",1.65,65,80,0,7,6,3,0,"N",2,2,4,20.2936170592887,55.2493724439135
"V",1.72,31,10,2,0,0,0,0,"N",2,1,1,26.3893714429159,78.0703164767223
"V",1.75,59,0,0,6,0,0,0,"N",0,1,1,27.2601934977198,83.4843425867668
"V",1.69,44,90,0,1,13,5,0,"N",0,0,1,19.4227950044848,55.4734448123091
"M",1.62,18,30,3,3,25,13,0,"N",1,2,3,24.6477273333081,64.6854956135338
"M",1.69,34,40,11,0,6,6,0,"N",0,1,1,23.7769052785042,67.909219165936
"V",1.7,56,0,0,2,12,10,0,"N",1,3,3,27.2601934977198,78.7819592084101
"V",1.76,57,0,0,2,5,0,0,"N",0,1,1,27.2601934977198,84.4411753785367
"V",1.78,33,0,0,3,13,12,0,"N",3,4,4,27.2601934977198,86.3711970781753
"M",1.74,32,180,18,1,6,10,0,"N",0,1,0,11.5853965112499,35.0759464774602
"V",1.85,30,0,7,0,2,0,0,"N",2,2,1,27.2601934977198,93.2980122459459
"M",1.62,33,0,0,5,0,0,0,"N",1,1,1,27.2601934977198,71.5416518154158
"V",1.67,49,0,0,1,2,6,0,"N",2,3,1,27.2601934977198,76.0259536457906
"M",1.68,18,20,23,6,0,1,2,"N",0,0,0,25.518549388112,72.0235537930073
"V",1.73,52,70,8,0,0,0,0,"N",1,1,2,21.1644391140926,63.3430498245677
"M",1.66,49,40,6,5,13,5,0,"N",2,2,0,23.7769052785042,65.5196401854463
"V",1.65,33,40,0,0,20,2,0,"N",1,2,1,23.7769052785042,64.7326246207278
"M",1.66,42,90,0,7,0,0,0,"N",1,2,2,19.4227950044848,53.5214539143584
"M",1.63,19,0,0,5,5,4,0,"N",2,2,1,27.2601934977198,72.4276081040916
"M",1.75,18,0,0,0,2,4,0,"N",1,2,2,27.2601934977198,83.4843425867668
"M",1.6,44,0,0,5,0,1,3,"N",2,3,4,27.2601934977198,69.7860953541626
"V",1.82,43,30,0,0,6,11,0,"N",2,2,2,24.6477273333081,81.6431320188498
"V",1.77,33,0,0,0,6,2,0,"N",2,3,3,27.2601934977198,85.4034602090062
"M",1.66,34,0,0,0,23,15,0,"N",1,0,0,27.2601934977198,75.1181892023166
"M",1.64,36,0,12,3,1,4,0,"N",0,1,0,27.2601934977198,73.3190164314671
"V",1.7,37,0,3,0,9,0,0,"N",2,2,3,27.2601934977198,78.7819592084101
"V",1.74,22,0,0,3,0,0,2,"N",3,4,4,27.2601934977198,82.5329618336963
"V",1.84,52,0,6,1,1,0,0,"N",0,1,0,27.2601934977198,92.29211110588
"V",1.75,31,0,0,0,0,1,0,"N",0,1,1,27.2601934977198,83.4843425867668
"M",1.66,18,0,0,0,14,13,0,"N",2,3,2,27.2601934977198,75.1181892023166
"V",1.73,36,0,6,0,17,3,0,"N",1,1,1,27.2601934977198,81.5870331193255
"V",1.73,29,70,7,1,13,5,0,"N",2,4,4,21.1644391140926,63.3430498245677
"M",1.65,43,0,0,0,0,0,0,"N",0,1,3,27.2601934977198,74.215876797542
"M",1.63,43,120,0,0,8,0,3,"N",1,0,1,16.8103288400732,44.6633626951904
"V",1.82,39,0,8,3,5,9,0,"N",3,4,4,27.2601934977198,90.2966649418469
"M",1.67,18,0,15,0,0,2,0,"N",2,4,4,27.2601934977198,76.0259536457906
"V",1.77,28,60,18,0,8,0,0,"N",0,1,1,22.0352611688965,69.0342697160358
"M",1.59,24,0,0,7,15,15,0,"N",2,3,3,27.2601934977198,68.9164951815853
"M",1.64,42,0,0,0,3,0,0,"N",1,0,1,27.2601934977198,73.3190164314671
"M",1.66,52,50,5,3,0,0,0,"S",1,1,1,22.9060832237004,63.1200029312287
"V",1.78,51,0,0,7,0,0,3,"N",2,2,1,27.2601934977198,86.3711970781753
"M",1.66,49,0,0,3,0,10,0,"N",1,3,2,27.2601934977198,75.1181892023166
"M",1.71,21,60,0,5,1,8,0,"N",1,2,3,22.0352611688965,64.4333071839702
"M",1.68,18,0,0,2,11,0,0,"N",1,3,1,27.2601934977198,76.9391701279642
"V",1.8,41,0,12,0,0,8,0,"N",2,4,4,27.2601934977198,88.323026932612
"V",1.72,45,0,5,0,2,0,0,"N",2,4,4,27.2601934977198,80.6465564436541
"V",1.7,26,0,2,1,10,0,0,"N",2,3,1,27.2601934977198,78.7819592084101
"V",1.76,37,0,11,1,8,7,0,"N",1,1,1,27.2601934977198,84.4411753785367
"M",1.68,42,0,0,0,2,0,0,"N",1,3,3,27.2601934977198,76.9391701279642
"M",1.59,42,0,0,3,2,3,0,"N",2,3,4,27.2601934977198,68.9164951815853
"M",1.65,42,0,0,0,10,7,4,"N",3,4,3,27.2601934977198,74.215876797542
"V",1.75,25,0,0,7,0,0,0,"N",2,4,4,27.2601934977198,83.4843425867668
"V",1.74,43,0,0,5,10,7,0,"N",2,4,3,27.2601934977198,82.5329618336963
"V",1.73,37,0,11,7,0,5,0,"N",1,1,1,27.2601934977198,81.5870331193255
"M",1.62,74,0,0,4,12,10,0,"S",1,4,4,27.2601934977198,71.5416518154158
"V",1.81,45,0,1,0,5,5,0,"N",0,1,2,27.2601934977198,89.3071199178797
"V",1.73,28,0,0,1,29,11,4,"N",0,2,0,27.2601934977198,81.5870331193255
"M",1.62,34,0,8,1,0,1,0,"N",1,2,1,27.2601934977198,71.5416518154158
"M",1.66,59,0,0,4,8,3,0,"N",1,2,2,27.2601934977198,75.1181892023166
"V",1.7,51,0,0,1,13,15,6,"N",0,1,1,27.2601934977198,78.7819592084101
"M",1.69,37,0,0,4,7,7,0,"N",1,3,2,27.2601934977198,77.8578386488374
"M",1.55,47,0,0,3,0,3,0,"N",1,2,4,27.2601934977198,65.4926148782717
"M",1.64,18,0,0,0,7,2,0,"N",0,1,0,27.2601934977198,73.3190164314671
"M",1.65,31,20,0,0,2,0,0,"N",3,4,4,25.518549388112,69.4742507091349
"M",1.67,59,0,0,0,10,6,0,"S",2,4,3,27.2601934977198,76.0259536457906
"M",1.7,18,0,5,5,0,0,0,"N",1,2,0,27.2601934977198,78.7819592084101
"V",1.76,51,0,6,3,5,5,0,"N",2,2,4,27.2601934977198,84.4411753785367
"M",1.59,31,0,0,0,0,0,0,"N",1,3,4,27.2601934977198,68.9164951815853
"M",1.69,48,0,3,0,0,3,0,"N",0,0,2,27.2601934977198,77.8578386488374
"V",1.76,26,0,0,1,0,0,0,"N",1,3,4,27.2601934977198,84.4411753785367
"V",1.65,31,130,0,2,4,6,0,"N",3,4,4,15.9395067852693,43.3953072228957
"V",1.65,22,40,3,4,15,5,0,"N",0,0,0,23.7769052785042,64.7326246207278
"M",1.65,62,0,5,0,19,13,0,"N",3,4,3,27.2601934977198,74.215876797542
"V",1.68,43,0,6,0,21,12,0,"N",2,4,4,27.2601934977198,76.9391701279642
"V",1.78,33,0,0,0,4,0,0,"N",2,4,3,27.2601934977198,86.3711970781753
"M",1.61,20,100,3,2,0,0,0,"N",1,1,1,18.5519729496809,48.088569082868
"V",1.82,45,0,4,1,3,0,0,"N",2,3,4,27.2601934977198,90.2966649418469
"M",1.63,37,0,0,2,0,4,0,"N",2,3,3,27.2601934977198,72.4276081040916
"M",1.68,50,0,0,0,10,4,3,"N",2,2,3,27.2601934977198,76.9391701279642
"M",1.67,35,0,0,0,8,4,0,"N",2,3,3,27.2601934977198,76.0259536457906
"M",1.59,52,0,4,0,11,14,0,"N",1,2,1,27.2601934977198,68.9164951815853
"V",1.77,33,0,0,2,14,9,0,"N",0,2,3,27.2601934977198,85.4034602090062
"M",1.59,53,0,0,2,0,0,0,"N",1,2,2,27.2601934977198,68.9164951815853
"M",1.76,20,0,18,3,0,7,0,"N",0,0,0,27.2601934977198,84.4411753785367
"M",1.58,22,0,0,0,1,2,0,"N",0,0,2,27.2601934977198,68.0523470477076
"V",1.75,32,0,7,0,7,6,0,"N",1,3,3,27.2601934977198,83.4843425867668
"M",1.65,18,0,5,2,14,4,0,"N",2,2,2,27.2601934977198,74.215876797542
"M",1.62,43,0,0,0,10,5,0,"N",0,0,0,27.2601934977198,71.5416518154158
"V",1.75,46,0,0,0,3,3,0,"N",1,4,4,27.2601934977198,83.4843425867668
"V",1.64,30,0,18,3,18,9,0,"N",0,1,2,27.2601934977198,73.3190164314671
"M",1.71,51,40,9,6,10,3,2,"N",2,4,4,23.7769052785042,69.5260487248742
"V",1.77,29,0,0,0,2,3,0,"N",0,1,1,27.2601934977198,85.4034602090062
"M",1.64,51,0,11,1,0,0,0,"N",2,4,4,27.2601934977198,73.3190164314671
"V",1.81,21,0,5,0,10,0,3,"N",1,2,4,27.2601934977198,89.3071199178797
"V",1.74,28,0,8,2,1,0,0,"S",0,0,0,27.2601934977198,82.5329618336963
"V",1.82,52,50,0,1,16,9,0,"N",1,3,3,22.9060832237004,75.8741100701851
"V",1.68,36,50,12,0,9,2,0,"N",2,2,2,22.9060832237004,64.6501292905719
"M",1.62,52,0,25,2,15,5,0,"N",1,1,2,27.2601934977198,71.5416518154158
"V",1.68,51,0,7,0,26,13,0,"N",1,3,2,27.2601934977198,76.9391701279642
"M",1.69,45,30,9,0,10,8,0,"N",1,2,3,24.6477273333081,70.3963740366613
"M",1.64,52,10,7,1,8,4,0,"N",2,4,3,26.3893714429159,70.9768534328665
"M",1.67,18,0,9,4,0,0,0,"N",0,1,3,27.2601934977198,76.0259536457906
"M",1.62,46,0,0,0,0,11,0,"N",0,3,3,27.2601934977198,71.5416518154158
"V",1.78,30,0,24,7,4,3,0,"N",2,4,4,27.2601934977198,86.3711970781753
"M",1.7,51,30,0,1,0,0,0,"N",1,1,0,24.6477273333081,71.2319319932605
"M",1.65,24,0,12,6,4,0,0,"N",0,2,2,27.2601934977198,74.215876797542
"V",1.8,22,0,0,7,25,9,1,"N",0,0,1,27.2601934977198,88.323026932612
"V",1.74,23,0,6,8,6,8,3,"N",3,3,3,27.2601934977198,82.5329618336963
"V",1.79,32,50,2,0,16,11,0,"N",1,2,2,22.9060832237004,73.3933812570583
"V",1.77,39,0,12,0,5,0,0,"N",3,4,4,27.2601934977198,85.4034602090062
"M",1.68,48,0,0,0,15,5,0,"N",1,1,2,27.2601934977198,76.9391701279642
"V",1.89,42,0,13,0,0,0,0,"S",3,3,2,27.2601934977198,97.3761371932048
"M",1.66,53,10,0,2,18,4,0,"S",2,4,3,26.3893714429159,72.718551948099
"V",1.9,57,0,0,4,0,0,0,"N",3,4,4,27.2601934977198,98.4092985267683
"M",1.64,35,0,12,3,0,3,0,"N",1,3,1,27.2601934977198,73.3190164314671
"M",1.67,38,30,0,1,12,6,0,"N",0,3,4,24.6477273333081,68.740046759863
"V",1.74,24,0,11,0,0,0,0,"N",1,2,2,27.2601934977198,82.5329618336963
"M",1.62,48,200,18,3,0,0,4,"N",2,2,2,9.84375240164213,25.8339438028696
"M",1.66,51,0,1,3,2,1,0,"N",3,4,4,27.2601934977198,75.1181892023166
"M",1.61,47,0,0,4,10,3,0,"N",1,2,1,27.2601934977198,70.6611475654394
"M",1.66,37,0,2,0,0,0,0,"N",3,4,4,27.2601934977198,75.1181892023166
"M",1.6,75,0,0,0,12,3,0,"N",1,3,4,27.2601934977198,69.7860953541626
"V",1.73,36,0,0,1,0,5,0,"N",1,3,2,27.2601934977198,81.5870331193255
"V",1.71,34,0,0,5,0,0,0,"N",2,3,2,27.2601934977198,79.7115318066823
"M",1.68,18,90,0,1,0,0,0,"N",3,4,2,19.4227950044848,54.818896620658
"M",1.61,34,0,0,0,3,1,0,"N",0,1,0,27.2601934977198,70.6611475654394
"V",1.78,23,0,0,0,5,0,0,"N",2,4,4,27.2601934977198,86.3711970781753
"M",1.73,18,0,3,0,0,0,0,"N",2,4,4,27.2601934977198,81.5870331193255
"V",1.72,58,0,11,0,11,2,0,"N",1,4,4,27.2601934977198,80.6465564436541
"M",1.66,70,50,14,0,0,0,0,"N",1,2,4,22.9060832237004,63.1200029312287
"V",1.73,57,20,0,0,0,0,0,"N",1,2,2,25.518549388112,76.3744664636804
"M",1.75,56,0,0,0,5,0,0,"N",1,3,1,27.2601934977198,83.4843425867668
"M",1.63,42,0,10,2,0,0,0,"N",2,3,1,27.2601934977198,72.4276081040916
"V",1.65,57,10,8,0,1,0,0,"N",2,3,4,26.3893714429159,71.8450637533385
"M",1.66,48,0,0,4,10,0,0,"N",1,2,1,27.2601934977198,75.1181892023166
"V",1.73,34,0,2,1,0,1,0,"N",1,1,2,27.2601934977198,81.5870331193255
"M",1.71,26,40,17,8,0,5,0,"N",1,1,0,23.7769052785042,69.5260487248742
"M",1.72,41,0,0,3,0,10,0,"S",3,4,4,27.2601934977198,80.6465564436541
"V",1.81,39,0,2,2,0,6,0,"N",0,1,2,27.2601934977198,89.3071199178797
"M",1.67,42,0,6,0,17,7,0,"N",0,2,2,27.2601934977198,76.0259536457906
"V",1.82,18,0,6,0,6,7,0,"N",1,3,2,27.2601934977198,90.2966649418469
"V",1.83,38,30,0,2,9,8,0,"N",1,2,3,24.6477273333081,82.5427740665156
"M",1.61,39,0,0,1,3,4,0,"N",2,1,0,27.2601934977198,70.6611475654394
"M",1.69,53,0,8,7,0,3,0,"N",1,1,0,27.2601934977198,77.8578386488374
"V",1.77,45,20,0,0,14,2,3,"N",2,2,2,25.518549388112,79.9470633780161
"V",1.82,40,0,0,0,15,12,0,"N",0,1,1,27.2601934977198,90.2966649418469
"M",1.61,19,0,0,0,24,11,0,"N",2,3,4,27.2601934977198,70.6611475654394
"V",1.74,29,0,9,3,1,0,0,"N",1,2,2,27.2601934977198,82.5329618336963
"V",1.66,34,0,9,0,10,13,0,"N",1,4,4,27.2601934977198,75.1181892023166
"M",1.67,40,0,0,4,20,12,0,"N",2,3,4,27.2601934977198,76.0259536457906
"V",1.74,30,0,6,0,10,12,0,"N",1,4,3,27.2601934977198,82.5329618336963
"M",1.73,65,0,10,0,9,5,9,"N",1,4,3,27.2601934977198,81.5870331193255
"M",1.72,50,0,21,0,0,1,0,"N",2,4,4,27.2601934977198,80.6465564436541
"V",1.71,29,0,12,0,20,13,0,"N",2,2,1,27.2601934977198,79.7115318066823
"M",1.7,29,0,0,1,3,4,0,"N",2,1,2,27.2601934977198,78.7819592084101
"V",1.72,35,0,11,0,10,0,0,"N",1,4,3,27.2601934977198,80.6465564436541
"V",1.8,28,0,7,0,0,0,0,"N",0,1,1,27.2601934977198,88.323026932612
"V",1.78,21,0,0,0,20,8,0,"N",0,3,3,27.2601934977198,86.3711970781753
"V",1.78,70,0,0,2,4,0,0,"N",1,2,3,27.2601934977198,86.3711970781753
"M",1.65,48,110,2,0,12,1,5,"S",0,2,1,17.6811508948771,48.1369333113028
"V",1.71,46,0,8,2,1,3,0,"N",0,0,0,27.2601934977198,79.7115318066823
"V",1.7,21,0,0,0,0,0,0,"N",3,3,4,27.2601934977198,78.7819592084101
"M",1.6,31,0,0,0,11,8,0,"N",3,4,4,27.2601934977198,69.7860953541626
"M",1.7,23,0,0,2,13,4,0,"N",1,2,3,27.2601934977198,78.7819592084101
"V",1.76,58,0,0,0,6,10,0,"N",2,3,3,27.2601934977198,84.4411753785367
"M",1.64,18,170,0,0,0,3,0,"N",3,4,4,12.4562185660538,33.5022454552582
"V",1.78,18,0,1,8,0,0,0,"N",0,0,0,27.2601934977198,86.3711970781753
"V",1.76,67,10,0,2,13,5,1,"S",3,4,4,26.3893714429159,81.7437169815762
"V",1.75,59,0,0,3,0,8,0,"N",3,3,3,27.2601934977198,83.4843425867668
"M",1.58,51,70,0,1,0,4,0,"N",2,4,4,21.1644391140926,52.8349058044207
"M",1.6,38,70,0,0,20,12,0,"N",1,1,0,21.1644391140926,54.180964132077
"V",1.83,48,0,0,0,5,2,2,"N",1,2,2,27.2601934977198,91.2916620045137
"V",1.77,24,0,0,1,0,0,0,"N",0,1,1,27.2601934977198,85.4034602090062
"V",1.72,18,20,0,3,0,5,0,"N",2,2,1,25.518549388112,75.4940765097905
"V",1.76,21,0,10,0,0,4,0,"N",1,2,1,27.2601934977198,84.4411753785367
"V",1.78,34,0,0,0,1,2,0,"N",0,2,2,27.2601934977198,86.3711970781753
"M",1.74,59,0,22,5,9,5,0,"N",3,4,3,27.2601934977198,82.5329618336963
"M",1.67,55,0,12,5,19,8,2,"N",2,4,4,27.2601934977198,76.0259536457906
"V",1.76,52,0,2,6,0,0,0,"N",1,1,1,27.2601934977198,84.4411753785367
"M",1.67,61,10,1,0,3,13,0,"N",1,2,2,26.3893714429159,73.5973180171481
"V",1.75,49,0,2,0,15,3,0,"N",0,0,1,27.2601934977198,83.4843425867668
"V",1.75,41,0,5,0,7,5,0,"S",1,2,1,27.2601934977198,83.4843425867668
"V",1.74,36,0,10,6,9,6,0,"N",2,2,3,27.2601934977198,82.5329618336963
"M",1.74,33,0,19,5,18,3,0,"N",2,2,2,27.2601934977198,82.5329618336963
"M",1.6,26,0,8,2,0,0,0,"N",2,4,3,27.2601934977198,69.7860953541626
"M",1.7,48,60,0,0,17,5,0,"N",1,3,3,22.0352611688965,63.6819047781108
"M",1.61,24,70,3,3,9,0,0,"N",0,1,0,21.1644391140926,54.8603426276394
"V",1.71,18,0,8,2,0,0,0,"N",3,4,4,27.2601934977198,79.7115318066823
"V",1.77,29,50,6,0,11,8,0,"S",0,1,1,22.9060832237004,71.7624681315309
"V",1.72,35,110,4,0,16,6,3,"N",1,3,3,17.6811508948771,52.3079168074043
"M",1.6,35,0,0,2,6,4,0,"N",1,1,1,27.2601934977198,69.7860953541626
"M",1.61,33,0,1,0,10,3,0,"N",2,2,3,27.2601934977198,70.6611475654394
"M",1.62,42,0,17,0,8,1,2,"N",1,2,2,27.2601934977198,71.5416518154158
"M",1.7,78,0,18,9,9,1,0,"N",1,3,3,27.2601934977198,78.7819592084101
"V",1.68,57,0,4,0,6,0,0,"N",1,1,2,27.2601934977198,76.9391701279642
