<?xml version = '1.0' encoding = 'UTF-8'?>
<FKIndexAssociation class="oracle.dbtools.crest.model.design.relational.FKIndexAssociation" directorySegmentName="seg_0" id="3D14501F-DF23-C68F-A97D-DA4BF52BAE47" containerWithKeyObject="5B4368BD-8EDC-2EB6-9172-AF7FD62BC483" localFKIndex="18085DE7-36CF-129B-3D94-FE3F7EA8B454" name="PILOTO_EQUIPO_FK">
<createdBy>miguel</createdBy>
<createdTime>2023-10-04 12:30:45 UTC</createdTime>
<generatorID>0C9314F1-DB99-82C4-3D6F-5116905156DC</generatorID>
<ownerDesignName>motogp</ownerDesignName>
<referredTableLongName>EQUIPO</referredTableLongName>
<deleteRule>NO ACTION</deleteRule>
<referredTableID>FBC53281-84FC-AC9E-ADA1-2C26837076B8</referredTableID>
<keyObject>23B4EB45-D9B1-87C5-5F4C-A58E4AC0EEA3</keyObject>
<referredKeyID>23B4EB45-D9B1-87C5-5F4C-A58E4AC0EEA3</referredKeyID>
<mandatory>true</mandatory>
<refColNames>nombre</refColNames>
<transferable>true</transferable>
<rely>false</rely>
<columnDependencyConstraintGenerateInDDL>true</columnDependencyConstraintGenerateInDDL>
</FKIndexAssociation>
