<?xml version = '1.0' encoding = 'UTF-8'?>
<Relation class="oracle.dbtools.crest.model.design.logical.Relation" name="SYS_C00667522" directorySegmentName="seg_0" id="4F323810-8B29-F653-657B-F279CAD95F81">
<createdBy>miguel</createdBy>
<createdTime>2023-10-22 17:14:18 UTC</createdTime>
<generatorID>1C89082B-8756-773F-6247-C6DCEAE042C7</generatorID>
<ownerDesignName>vuelos</ownerDesignName>
<engineerTo>
<item key="D84D5CEE-579D-672D-4963-1D1D5B31FEA0" value="true"/>
</engineerTo>
<sourcePk>DC15B7A5-A1FF-7904-AACB-08AE20BF4B41</sourcePk>
<identifying>false</identifying>
<optionalSource>true</optionalSource>
<optionalTarget>true</optionalTarget>
<sourceCardinality>1</sourceCardinality>
<sourceEntity>F7296A7D-2342-CDE4-7888-D22233812788</sourceEntity>
<targetCardinalityString>*</targetCardinalityString>
<targetEntity>0AAD813B-6644-E6E7-4C49-2A584DC00409</targetEntity>
<transferable>true</transferable>
<deleteRule>NO ACTION</deleteRule>
</Relation>