<?xml version = '1.0' encoding = 'UTF-8'?>
<Relation class="oracle.dbtools.crest.model.design.logical.Relation" name="DIO_ORIGEN" directorySegmentName="seg_0" id="57D27E23-B9A4-70C8-DA3B-CB9C339CEFA0">
<createdBy>miguel</createdBy>
<createdTime>2023-10-22 17:14:18 UTC</createdTime>
<generatorID>B413CBFE-E622-FA12-F5A8-59D8E5179593</generatorID>
<ownerDesignName>vuelos</ownerDesignName>
<engineerTo>
<item key="D84D5CEE-579D-672D-4963-1D1D5B31FEA0" value="true"/>
</engineerTo>
<sourcePk>003ABE82-DBE4-7DA3-1897-B16A972BD757</sourcePk>
<identifying>false</identifying>
<optionalSource>true</optionalSource>
<optionalTarget>true</optionalTarget>
<sourceCardinality>1</sourceCardinality>
<sourceEntity>FC15DE6A-2D0D-A35F-7CA4-920678D22875</sourceEntity>
<targetCardinalityString>*</targetCardinalityString>
<targetEntity>F7296A7D-2342-CDE4-7888-D22233812788</targetEntity>
<transferable>true</transferable>
<deleteRule>NO ACTION</deleteRule>
</Relation>