<?xml version = '1.0' encoding = 'UTF-8'?>
<Entity class="oracle.dbtools.crest.model.design.logical.Entity" directorySegmentName="seg_0" id="4B8C9CC6-B07D-9DBD-AD8F-34BCF32E460A" name="CIRCUITO">
<createdBy>miguel</createdBy>
<createdTime>2023-10-04 11:56:50 UTC</createdTime>
<ownerDesignName>motogp</ownerDesignName>
<engineerTo>
<item key="28BB3FBA-236C-88AA-8939-6DA6265F59B1" value="true"/>
</engineerTo>
<adequatelyNormalized>NO</adequatelyNormalized>
<expectedVolumes>0</expectedVolumes>
<fwdEngineeringStrategyName>Single Table</fwdEngineeringStrategyName>
<growthPercent>0</growthPercent>
<growthType>Year</growthType>
<maxVolumes>9999999</maxVolumes>
<minVolumes>0</minVolumes>
<normalForm>Third</normalForm>
<attributes itemClass="oracle.dbtools.crest.model.design.logical.Attribute">
<Attribute name="nombre" id="8388C90E-0AAB-BC74-6BE7-E9C2FC4ABD29">
<createdBy>miguel</createdBy>
<createdTime>2023-10-04 11:57:09 UTC</createdTime>
<ownerDesignName>motogp</ownerDesignName>
<engineerTo>
<item key="28BB3FBA-236C-88AA-8939-6DA6265F59B1" value="true"/>
</engineerTo>
<useDomainConstraints>false</useDomainConstraints>
<use>1</use>
<logicalDatatype>LOGDT024</logicalDatatype>
<dataTypeSize>20 CHAR</dataTypeSize>
<ownDataTypeParameters>20 CHAR,,</ownDataTypeParameters>
</Attribute>
<Attribute name="fecha" id="157687BD-A72D-8ACB-BE4C-15C7286E2A23">
<createdBy>miguel</createdBy>
<createdTime>2023-10-04 11:58:44 UTC</createdTime>
<ownerDesignName>motogp</ownerDesignName>
<engineerTo>
<item key="28BB3FBA-236C-88AA-8939-6DA6265F59B1" value="true"/>
</engineerTo>
<nullsAllowed>true</nullsAllowed>
<useDomainConstraints>false</useDomainConstraints>
<use>1</use>
<logicalDatatype>LOGDT007</logicalDatatype>
<ownDataTypeParameters>,,</ownDataTypeParameters>
</Attribute>
<Attribute name="pais" id="0060EFEC-36AB-A432-070F-CA1EFDAD519D">
<createdBy>miguel</createdBy>
<createdTime>2023-10-04 11:59:10 UTC</createdTime>
<ownerDesignName>motogp</ownerDesignName>
<engineerTo>
<item key="28BB3FBA-236C-88AA-8939-6DA6265F59B1" value="true"/>
</engineerTo>
<nullsAllowed>true</nullsAllowed>
<useDomainConstraints>false</useDomainConstraints>
<use>1</use>
<logicalDatatype>LOGDT024</logicalDatatype>
<dataTypeSize>20 CHAR</dataTypeSize>
<ownDataTypeParameters>20 CHAR,,</ownDataTypeParameters>
</Attribute>
<Attribute name="ciudad" id="D091ABC0-C940-A98F-0756-79A6E84089A5">
<createdBy>miguel</createdBy>
<createdTime>2023-10-04 11:59:34 UTC</createdTime>
<ownerDesignName>motogp</ownerDesignName>
<engineerTo>
<item key="28BB3FBA-236C-88AA-8939-6DA6265F59B1" value="true"/>
</engineerTo>
<nullsAllowed>true</nullsAllowed>
<useDomainConstraints>false</useDomainConstraints>
<use>1</use>
<logicalDatatype>LOGDT024</logicalDatatype>
<dataTypeSize>20 CHAR</dataTypeSize>
<ownDataTypeParameters>20 CHAR,,</ownDataTypeParameters>
</Attribute>
<Attribute name="año inauguración" id="BC61A87C-F4CC-0AAA-2867-0EFB8277E528">
<createdBy>miguel</createdBy>
<createdTime>2023-10-04 11:59:40 UTC</createdTime>
<ownerDesignName>motogp</ownerDesignName>
<engineerTo>
<item key="28BB3FBA-236C-88AA-8939-6DA6265F59B1" value="true"/>
</engineerTo>
<nullsAllowed>true</nullsAllowed>
<useDomainConstraints>false</useDomainConstraints>
<use>1</use>
<logicalDatatype>LOGDT007</logicalDatatype>
<ownDataTypeParameters>,,</ownDataTypeParameters>
</Attribute>
<Attribute name="anchura" id="AA96FD39-9892-7950-F95E-0A0B7E66201F">
<createdBy>miguel</createdBy>
<createdTime>2023-10-04 12:00:01 UTC</createdTime>
<ownerDesignName>motogp</ownerDesignName>
<engineerTo>
<item key="28BB3FBA-236C-88AA-8939-6DA6265F59B1" value="true"/>
</engineerTo>
<nullsAllowed>true</nullsAllowed>
<useDomainConstraints>false</useDomainConstraints>
<use>1</use>
<logicalDatatype>LOGDT026</logicalDatatype>
<ownDataTypeParameters>,,</ownDataTypeParameters>
</Attribute>
<Attribute name="posicion parrilla" id="B3559C21-8BCF-6A28-BB8B-408815CE127F">
<createdBy>miguel</createdBy>
<createdTime>2023-10-04 12:00:16 UTC</createdTime>
<ownerDesignName>motogp</ownerDesignName>
<engineerTo>
<item key="28BB3FBA-236C-88AA-8939-6DA6265F59B1" value="true"/>
</engineerTo>
<nullsAllowed>true</nullsAllowed>
<useDomainConstraints>false</useDomainConstraints>
<use>1</use>
<logicalDatatype>LOGDT011</logicalDatatype>
<ownDataTypeParameters>,,</ownDataTypeParameters>
</Attribute>
<Attribute name="longitud total" id="0CE46254-8F11-C437-17A5-193706E5328F">
<createdBy>miguel</createdBy>
<createdTime>2023-10-04 12:00:33 UTC</createdTime>
<ownerDesignName>motogp</ownerDesignName>
<engineerTo>
<item key="28BB3FBA-236C-88AA-8939-6DA6265F59B1" value="true"/>
</engineerTo>
<nullsAllowed>true</nullsAllowed>
<useDomainConstraints>false</useDomainConstraints>
<use>1</use>
<logicalDatatype>LOGDT026</logicalDatatype>
<ownDataTypeParameters>,,</ownDataTypeParameters>
</Attribute>
<Attribute name="distancia recta mas larga" id="AE5D8E44-1848-2017-CA3F-30A803A8535D">
<createdBy>miguel</createdBy>
<createdTime>2023-10-04 12:00:44 UTC</createdTime>
<ownerDesignName>motogp</ownerDesignName>
<engineerTo>
<item key="28BB3FBA-236C-88AA-8939-6DA6265F59B1" value="true"/>
</engineerTo>
<nullsAllowed>true</nullsAllowed>
<useDomainConstraints>false</useDomainConstraints>
<use>1</use>
<logicalDatatype>LOGDT026</logicalDatatype>
<ownDataTypeParameters>,,</ownDataTypeParameters>
</Attribute>
<Attribute name="numero curvas izq" id="6CD77FA0-E9FE-78F0-7732-50E4352091A9">
<createdBy>miguel</createdBy>
<createdTime>2023-10-04 12:01:02 UTC</createdTime>
<ownerDesignName>motogp</ownerDesignName>
<engineerTo>
<item key="28BB3FBA-236C-88AA-8939-6DA6265F59B1" value="true"/>
</engineerTo>
<nullsAllowed>true</nullsAllowed>
<useDomainConstraints>false</useDomainConstraints>
<use>1</use>
<logicalDatatype>LOGDT011</logicalDatatype>
<ownDataTypeParameters>,,</ownDataTypeParameters>
</Attribute>
<Attribute name="numero curvas der" id="17980B93-A61D-F62B-8BAE-871BA812461D">
<createdBy>miguel</createdBy>
<createdTime>2023-10-04 12:01:13 UTC</createdTime>
<ownerDesignName>motogp</ownerDesignName>
<engineerTo>
<item key="28BB3FBA-236C-88AA-8939-6DA6265F59B1" value="true"/>
</engineerTo>
<nullsAllowed>true</nullsAllowed>
<useDomainConstraints>false</useDomainConstraints>
<use>1</use>
<logicalDatatype>LOGDT011</logicalDatatype>
<ownDataTypeParameters>,,</ownDataTypeParameters>
</Attribute>
<Attribute name="mapa" id="A36B07D5-5FE2-D296-9A5A-9E0922799DA2">
<createdBy>miguel</createdBy>
<createdTime>2023-10-04 12:01:20 UTC</createdTime>
<ownerDesignName>motogp</ownerDesignName>
<engineerTo>
<item key="28BB3FBA-236C-88AA-8939-6DA6265F59B1" value="true"/>
</engineerTo>
<nullsAllowed>true</nullsAllowed>
<useDomainConstraints>false</useDomainConstraints>
<use>1</use>
<logicalDatatype>LOGDT024</logicalDatatype>
<dataTypeSize>20 CHAR</dataTypeSize>
<ownDataTypeParameters>20 CHAR,,</ownDataTypeParameters>
</Attribute>
<Attribute name="numero vueltas" id="E285BB7E-1849-AAF2-90D1-96D6A8FADE0F">
<createdBy>miguel</createdBy>
<createdTime>2023-10-04 12:01:34 UTC</createdTime>
<ownerDesignName>motogp</ownerDesignName>
<engineerTo>
<item key="28BB3FBA-236C-88AA-8939-6DA6265F59B1" value="true"/>
</engineerTo>
<nullsAllowed>true</nullsAllowed>
<useDomainConstraints>false</useDomainConstraints>
<use>1</use>
<logicalDatatype>LOGDT011</logicalDatatype>
<ownDataTypeParameters>,,</ownDataTypeParameters>
</Attribute>
<Attribute name="tipo carrera" id="6316E09D-C0A5-FE32-9037-B9BA089B6049">
<createdBy>miguel</createdBy>
<createdTime>2023-10-04 12:01:43 UTC</createdTime>
<ownerDesignName>motogp</ownerDesignName>
<engineerTo>
<item key="28BB3FBA-236C-88AA-8939-6DA6265F59B1" value="true"/>
</engineerTo>
<nullsAllowed>true</nullsAllowed>
<useDomainConstraints>false</useDomainConstraints>
<use>1</use>
<logicalDatatype>LOGDT024</logicalDatatype>
<dataTypeSize>20 CHAR</dataTypeSize>
<ownDataTypeParameters>20 CHAR,,</ownDataTypeParameters>
</Attribute>
</attributes>
<identifiers itemClass="oracle.dbtools.crest.model.design.logical.CandidateKey">
<identifier id="228FF97B-032E-EE5F-068E-E1E8C90CF699" name="CARRERA PK">
<createdBy>miguel</createdBy>
<createdTime>2023-10-04 11:57:30 UTC</createdTime>
<ownerDesignName>motogp</ownerDesignName>
<shouldEngineer>false</shouldEngineer>
<engineerTo>
<item key="28BB3FBA-236C-88AA-8939-6DA6265F59B1" value="false"/>
</engineerTo>
<pk>true</pk>
<usedAttributes>
<attributeRef>8388C90E-0AAB-BC74-6BE7-E9C2FC4ABD29</attributeRef>
</usedAttributes>
</identifier>
<identifier id="E669E059-2819-8A82-C870-4576D2582DAD" name="CARRERA_fecha_UN">
<createdBy>miguel</createdBy>
<createdTime>2023-10-04 11:58:52 UTC</createdTime>
<ownerDesignName>motogp</ownerDesignName>
<shouldEngineer>false</shouldEngineer>
<engineerTo>
<item key="28BB3FBA-236C-88AA-8939-6DA6265F59B1" value="false"/>
</engineerTo>
<newElementsIDs>157687BD-A72D-8ACB-BE4C-15C7286E2A23</newElementsIDs>
<usedAttributes>
<attributeRef>157687BD-A72D-8ACB-BE4C-15C7286E2A23</attributeRef>
</usedAttributes>
</identifier>
</identifiers>
</Entity>
