<?xml version = '1.0' encoding = 'UTF-8'?>
<Entity class="oracle.dbtools.crest.model.design.logical.Entity" directorySegmentName="seg_0" id="5F39874A-0AF9-ADA8-0FD0-82ECAF3F5A96" name="EQUIPO">
<createdBy>miguel</createdBy>
<createdTime>2023-10-04 12:21:40 UTC</createdTime>
<ownerDesignName>motogp</ownerDesignName>
<engineerTo>
<item key="28BB3FBA-236C-88AA-8939-6DA6265F59B1" value="true"/>
</engineerTo>
<adequatelyNormalized>NO</adequatelyNormalized>
<expectedVolumes>0</expectedVolumes>
<fwdEngineeringStrategyName>Single Table</fwdEngineeringStrategyName>
<growthPercent>0</growthPercent>
<growthType>Year</growthType>
<maxVolumes>9999999</maxVolumes>
<minVolumes>0</minVolumes>
<normalForm>Third</normalForm>
<attributes itemClass="oracle.dbtools.crest.model.design.logical.Attribute">
<Attribute name="nombre" id="22890893-A90A-BB28-B0F0-9C171F0959D4">
<createdBy>miguel</createdBy>
<createdTime>2023-10-04 12:21:46 UTC</createdTime>
<ownerDesignName>motogp</ownerDesignName>
<engineerTo>
<item key="28BB3FBA-236C-88AA-8939-6DA6265F59B1" value="true"/>
</engineerTo>
<useDomainConstraints>false</useDomainConstraints>
<use>1</use>
<logicalDatatype>LOGDT024</logicalDatatype>
<dataTypeSize>20 CHAR</dataTypeSize>
<ownDataTypeParameters>20 CHAR,,</ownDataTypeParameters>
</Attribute>
<Attribute name="modelo moto" id="FF0D86A1-BE32-C54E-6AA8-BC46A27DDE50">
<createdBy>miguel</createdBy>
<createdTime>2023-10-04 12:21:57 UTC</createdTime>
<ownerDesignName>motogp</ownerDesignName>
<engineerTo>
<item key="28BB3FBA-236C-88AA-8939-6DA6265F59B1" value="true"/>
</engineerTo>
<useDomainConstraints>false</useDomainConstraints>
<use>1</use>
<logicalDatatype>LOGDT024</logicalDatatype>
<dataTypeSize>20 CHAR</dataTypeSize>
<ownDataTypeParameters>20 CHAR,,</ownDataTypeParameters>
</Attribute>
<Attribute name="direccion postal" id="B740A671-9EC6-3468-12BD-6F7C4D93646E">
<createdBy>miguel</createdBy>
<createdTime>2023-10-04 12:22:10 UTC</createdTime>
<ownerDesignName>motogp</ownerDesignName>
<engineerTo>
<item key="28BB3FBA-236C-88AA-8939-6DA6265F59B1" value="true"/>
</engineerTo>
<useDomainConstraints>false</useDomainConstraints>
<use>1</use>
<logicalDatatype>LOGDT024</logicalDatatype>
<dataTypeSize>20 CHAR</dataTypeSize>
<ownDataTypeParameters>20 CHAR,,</ownDataTypeParameters>
</Attribute>
<Attribute name="direccion web" id="738061A3-7983-AB34-172C-37C6313EC3D6">
<createdBy>miguel</createdBy>
<createdTime>2023-10-04 12:22:21 UTC</createdTime>
<ownerDesignName>motogp</ownerDesignName>
<engineerTo>
<item key="28BB3FBA-236C-88AA-8939-6DA6265F59B1" value="true"/>
</engineerTo>
<useDomainConstraints>false</useDomainConstraints>
<use>1</use>
<logicalDatatype>LOGDT024</logicalDatatype>
<dataTypeSize>20 CHAR</dataTypeSize>
<ownDataTypeParameters>20 CHAR,,</ownDataTypeParameters>
</Attribute>
<Attribute name="objetivos" id="E651A44B-1E6A-9889-3B50-373225E7FEAA">
<createdBy>miguel</createdBy>
<createdTime>2023-10-04 12:22:30 UTC</createdTime>
<ownerDesignName>motogp</ownerDesignName>
<engineerTo>
<item key="28BB3FBA-236C-88AA-8939-6DA6265F59B1" value="true"/>
</engineerTo>
<useDomainConstraints>false</useDomainConstraints>
<use>1</use>
<logicalDatatype>LOGDT024</logicalDatatype>
<dataTypeSize>20 CHAR</dataTypeSize>
<ownDataTypeParameters>20 CHAR,,</ownDataTypeParameters>
</Attribute>
<Attribute name="foto oficial" id="FF6A3FC0-78BD-A320-A42A-6DA9BDDDB3F9">
<createdBy>miguel</createdBy>
<createdTime>2023-10-04 12:22:35 UTC</createdTime>
<ownerDesignName>motogp</ownerDesignName>
<engineerTo>
<item key="28BB3FBA-236C-88AA-8939-6DA6265F59B1" value="true"/>
</engineerTo>
<useDomainConstraints>false</useDomainConstraints>
<use>1</use>
<logicalDatatype>LOGDT024</logicalDatatype>
<dataTypeSize>50 CHAR</dataTypeSize>
<ownDataTypeParameters>50 CHAR,,</ownDataTypeParameters>
</Attribute>
<Attribute name="logo" id="3528C919-EAEF-D565-30A8-166D50C08E0C">
<createdBy>miguel</createdBy>
<createdTime>2023-10-04 12:22:49 UTC</createdTime>
<ownerDesignName>motogp</ownerDesignName>
<engineerTo>
<item key="28BB3FBA-236C-88AA-8939-6DA6265F59B1" value="true"/>
</engineerTo>
<useDomainConstraints>false</useDomainConstraints>
<use>1</use>
<logicalDatatype>LOGDT024</logicalDatatype>
<dataTypeSize>40 CHAR</dataTypeSize>
<ownDataTypeParameters>40 CHAR,,</ownDataTypeParameters>
</Attribute>
<Attribute name="codigo" id="AB6A0B69-40FD-86F0-04E4-491ACC215740">
<createdBy>miguel</createdBy>
<createdTime>2023-10-04 12:28:02 UTC</createdTime>
<generatorID>F20F23F6-3A44-0009-87C7-655B423A311F</generatorID>
<ownerDesignName>motogp</ownerDesignName>
<engineerTo>
<item key="28BB3FBA-236C-88AA-8939-6DA6265F59B1" value="true"/>
</engineerTo>
<nullsAllowed>true</nullsAllowed>
<referedAttribute>6DAE221C-D013-67AD-19D8-DDBB5B35C6A7</referedAttribute>
<useDomainConstraints>false</useDomainConstraints>
<use>1</use>
<logicalDatatype>LOGDT011</logicalDatatype>
<ownDataTypeParameters>,,</ownDataTypeParameters>
</Attribute>
<Attribute name="nombre2" id="50220822-EC9F-8885-117D-B73BAF0E14F9">
<createdBy>miguel</createdBy>
<createdTime>2023-10-04 12:28:42 UTC</createdTime>
<generatorID>F20F23F6-3A44-0009-87C7-655B423A311F</generatorID>
<ownerDesignName>motogp</ownerDesignName>
<engineerTo>
<item key="28BB3FBA-236C-88AA-8939-6DA6265F59B1" value="true"/>
</engineerTo>
<nullsAllowed>true</nullsAllowed>
<referedAttribute>ED769D63-2818-A0A1-4723-8881E3F746D3</referedAttribute>
<useDomainConstraints>false</useDomainConstraints>
<use>1</use>
<logicalDatatype>LOGDT024</logicalDatatype>
<dataTypeSize>20 CHAR</dataTypeSize>
<ownDataTypeParameters>20 CHAR,,</ownDataTypeParameters>
</Attribute>
</attributes>
<identifiers itemClass="oracle.dbtools.crest.model.design.logical.CandidateKey">
<identifier id="B5D597E6-5AD1-6475-9A55-B16A77553134" name="EQUIPO PK">
<createdBy>miguel</createdBy>
<createdTime>2023-10-04 12:21:54 UTC</createdTime>
<ownerDesignName>motogp</ownerDesignName>
<shouldEngineer>false</shouldEngineer>
<engineerTo>
<item key="28BB3FBA-236C-88AA-8939-6DA6265F59B1" value="false"/>
</engineerTo>
<pk>true</pk>
<usedAttributes>
<attributeRef>22890893-A90A-BB28-B0F0-9C171F0959D4</attributeRef>
</usedAttributes>
</identifier>
</identifiers>
</Entity>
