<?xml version = '1.0' encoding = 'UTF-8'?>
<Entity class="oracle.dbtools.crest.model.design.logical.Entity" directorySegmentName="seg_0" id="B94FFF2A-176C-8108-D110-2C079573C67F" name="ACTO PILOTO">
<createdBy>miguel</createdBy>
<createdTime>2023-10-04 10:08:47 UTC</createdTime>
<generatorID>67A1E825-C44F-7781-340B-1BEEC9204EF9</generatorID>
<ownerDesignName>motogp</ownerDesignName>
<engineerTo>
<item key="28BB3FBA-236C-88AA-8939-6DA6265F59B1" value="true"/>
</engineerTo>
<adequatelyNormalized>NO</adequatelyNormalized>
<expectedVolumes>0</expectedVolumes>
<fwdEngineeringStrategyName>Single Table</fwdEngineeringStrategyName>
<growthPercent>0</growthPercent>
<growthType>Year</growthType>
<maxVolumes>9999999</maxVolumes>
<minVolumes>0</minVolumes>
<normalForm>Third</normalForm>
<attributes itemClass="oracle.dbtools.crest.model.design.logical.Attribute">
<Attribute name="ACTO PUBLICO FECHA" id="A0EF4377-36A0-015F-D202-8EE69DCD71AB">
<createdBy>miguel</createdBy>
<createdTime>2023-10-04 10:08:47 UTC</createdTime>
<generatorID>44D31DE8-84BB-FC63-9AAE-CFB79CD0A6F4</generatorID>
<ownerDesignName>motogp</ownerDesignName>
<engineerTo>
<item key="28BB3FBA-236C-88AA-8939-6DA6265F59B1" value="true"/>
</engineerTo>
<referedAttribute>65266929-77F1-C1FA-804A-A7C6D07671E5</referedAttribute>
<useDomainConstraints>false</useDomainConstraints>
<use>1</use>
<logicalDatatype>LOGDT007</logicalDatatype>
<ownDataTypeParameters>,,</ownDataTypeParameters>
</Attribute>
<Attribute name="PILOTO NOMBRE" id="FBF59A49-8FB2-E938-1C38-5728319A728C">
<createdBy>miguel</createdBy>
<createdTime>2023-10-04 10:08:47 UTC</createdTime>
<generatorID>8D3761D5-E759-4CAF-B917-9530C72E87E0</generatorID>
<ownerDesignName>motogp</ownerDesignName>
<engineerTo>
<item key="28BB3FBA-236C-88AA-8939-6DA6265F59B1" value="true"/>
</engineerTo>
<referedAttribute>D7CD75FB-980A-F875-18AA-A0BE45A8CFDE</referedAttribute>
<useDomainConstraints>false</useDomainConstraints>
<use>1</use>
<logicalDatatype>LOGDT024</logicalDatatype>
<dataTypeSize>20 CHAR</dataTypeSize>
<ownDataTypeParameters>20 CHAR,,</ownDataTypeParameters>
</Attribute>
</attributes>
<identifiers itemClass="oracle.dbtools.crest.model.design.logical.CandidateKey">
<identifier id="C1C0F252-381E-BA9E-51CA-77F146CE56F3" name="ACTO PILOTO PK">
<createdBy>miguel</createdBy>
<createdTime>2023-10-04 10:08:47 UTC</createdTime>
<generatorID>6D8BC2D0-D1D6-ADD6-03C1-F5D0F2BADD6F</generatorID>
<ownerDesignName>motogp</ownerDesignName>
<shouldEngineer>false</shouldEngineer>
<engineerTo>
<item key="28BB3FBA-236C-88AA-8939-6DA6265F59B1" value="false"/>
</engineerTo>
<pk>true</pk>
<usedAttributes>
<attributeRef>A0EF4377-36A0-015F-D202-8EE69DCD71AB</attributeRef>
<attributeRef>FBF59A49-8FB2-E938-1C38-5728319A728C</attributeRef>
</usedAttributes>
</identifier>
</identifiers>
</Entity>
