<?xml version = '1.0' encoding = 'UTF-8'?>
<Entity class="oracle.dbtools.crest.model.design.logical.Entity" directorySegmentName="seg_0" id="FD227596-6666-F86F-952C-BC1DE1E0E02D" name="DOCUMENTO">
<createdBy>miguel</createdBy>
<createdTime>2023-10-25 09:38:26 UTC</createdTime>
<generatorID>14294204-A240-08A8-03D7-80B1E060F599</generatorID>
<ownerDesignName>paginas_y_documentos</ownerDesignName>
<engineerTo>
<item key="70A9EB10-D09A-5FD3-5D9F-D5F7CCE1A696" value="true"/>
</engineerTo>
<adequatelyNormalized>NO</adequatelyNormalized>
<expectedVolumes>0</expectedVolumes>
<fwdEngineeringStrategyName>Single Table</fwdEngineeringStrategyName>
<growthPercent>0</growthPercent>
<growthType>Year</growthType>
<maxVolumes>9999999</maxVolumes>
<minVolumes>0</minVolumes>
<normalForm>Third</normalForm>
<attributes itemClass="oracle.dbtools.crest.model.design.logical.Attribute">
<Attribute name="NOMBRE" id="E0C52BD5-25B8-86D7-05AD-B9055EF05880">
<createdBy>miguel</createdBy>
<createdTime>2023-10-25 09:38:26 UTC</createdTime>
<generatorID>F6F2FA7F-7014-7A85-D683-C8F3C5B15B0B</generatorID>
<ownerDesignName>paginas_y_documentos</ownerDesignName>
<engineerTo>
<item key="70A9EB10-D09A-5FD3-5D9F-D5F7CCE1A696" value="true"/>
</engineerTo>
<useDomainConstraints>false</useDomainConstraints>
<use>1</use>
<logicalDatatype>LOGDT024</logicalDatatype>
<dataTypeSize>100 BYTE</dataTypeSize>
<ownDataTypeParameters>100 BYTE,,</ownDataTypeParameters>
</Attribute>
<Attribute name="DIRECTORIO" id="FC81B851-CE5B-EED8-C475-9593D49F8407">
<createdBy>miguel</createdBy>
<createdTime>2023-10-25 09:38:26 UTC</createdTime>
<generatorID>4998D3E1-351F-2D55-3BC8-227FFA203948</generatorID>
<ownerDesignName>paginas_y_documentos</ownerDesignName>
<engineerTo>
<item key="70A9EB10-D09A-5FD3-5D9F-D5F7CCE1A696" value="true"/>
</engineerTo>
<useDomainConstraints>false</useDomainConstraints>
<use>1</use>
<logicalDatatype>LOGDT024</logicalDatatype>
<dataTypeSize>100 BYTE</dataTypeSize>
<ownDataTypeParameters>100 BYTE,,</ownDataTypeParameters>
</Attribute>
<Attribute name="FECHA CREACION" id="0C3BB324-BA11-465E-B0A6-0E55FF718F84">
<createdBy>miguel</createdBy>
<createdTime>2023-10-25 09:38:26 UTC</createdTime>
<generatorID>5D3444A9-FC64-5C78-99B4-588B8AEAAB23</generatorID>
<ownerDesignName>paginas_y_documentos</ownerDesignName>
<engineerTo>
<item key="70A9EB10-D09A-5FD3-5D9F-D5F7CCE1A696" value="true"/>
</engineerTo>
<useDomainConstraints>false</useDomainConstraints>
<use>1</use>
<logicalDatatype>LOGDT007</logicalDatatype>
<dataTypeSize>7</dataTypeSize>
<ownDataTypeParameters>7,,</ownDataTypeParameters>
</Attribute>
<Attribute name="COMENTARIO" id="FC3C1371-9175-88B9-24D7-7251AD4D73AF">
<createdBy>miguel</createdBy>
<createdTime>2023-10-25 09:38:26 UTC</createdTime>
<generatorID>9C2A39F9-B810-F56A-9183-9BE88AD18650</generatorID>
<ownerDesignName>paginas_y_documentos</ownerDesignName>
<engineerTo>
<item key="70A9EB10-D09A-5FD3-5D9F-D5F7CCE1A696" value="true"/>
</engineerTo>
<nullsAllowed>true</nullsAllowed>
<useDomainConstraints>false</useDomainConstraints>
<use>1</use>
<logicalDatatype>LOGDT024</logicalDatatype>
<dataTypeSize>100 BYTE</dataTypeSize>
<ownDataTypeParameters>100 BYTE,,</ownDataTypeParameters>
</Attribute>
<Attribute name="TAMANO" id="CAD4176C-754F-171B-9B32-2276EFDB7089">
<createdBy>miguel</createdBy>
<createdTime>2023-10-25 09:38:26 UTC</createdTime>
<generatorID>D97C886D-A012-962C-FD6D-AC51BC8E6276</generatorID>
<ownerDesignName>paginas_y_documentos</ownerDesignName>
<engineerTo>
<item key="70A9EB10-D09A-5FD3-5D9F-D5F7CCE1A696" value="true"/>
</engineerTo>
<nullsAllowed>true</nullsAllowed>
<useDomainConstraints>false</useDomainConstraints>
<use>1</use>
<logicalDatatype>LOGDT019</logicalDatatype>
<dataTypePrecision>3</dataTypePrecision>
<dataTypeScale>0</dataTypeScale>
<ownDataTypeParameters>,3,0</ownDataTypeParameters>
</Attribute>
<Attribute name="APLICACION" id="5CA3E894-E145-8880-5BBD-4247429F873C">
<createdBy>miguel</createdBy>
<createdTime>2023-10-25 09:38:26 UTC</createdTime>
<generatorID>62DB6EC6-B9FA-9BBE-365D-955050BA1443</generatorID>
<ownerDesignName>paginas_y_documentos</ownerDesignName>
<engineerTo>
<item key="70A9EB10-D09A-5FD3-5D9F-D5F7CCE1A696" value="true"/>
</engineerTo>
<referedAttribute>961AFEE0-DBDA-9351-2FE7-C5C0C381625A</referedAttribute>
<useDomainConstraints>false</useDomainConstraints>
<use>1</use>
<logicalDatatype>LOGDT024</logicalDatatype>
<dataTypeSize>100 BYTE</dataTypeSize>
<ownDataTypeParameters>,,</ownDataTypeParameters>
</Attribute>
</attributes>
<identifiers itemClass="oracle.dbtools.crest.model.design.logical.CandidateKey">
<identifier id="AE765768-905D-610A-9805-F3541D1E607B" name="PRIMARIA DOCUMENTO">
<createdBy>miguel</createdBy>
<createdTime>2023-10-25 09:38:26 UTC</createdTime>
<generatorID>8898D29D-4385-810A-4C9A-08ACEDD1FA64</generatorID>
<ownerDesignName>paginas_y_documentos</ownerDesignName>
<engineerTo>
<item key="70A9EB10-D09A-5FD3-5D9F-D5F7CCE1A696" value="true"/>
</engineerTo>
<pk>true</pk>
<usedAttributes>
<attributeRef>E0C52BD5-25B8-86D7-05AD-B9055EF05880</attributeRef>
<attributeRef>FC81B851-CE5B-EED8-C475-9593D49F8407</attributeRef>
</usedAttributes>
</identifier>
</identifiers>
</Entity>