{"elements":[{"attributes":{"name":"LogIn","default":true,"landmark":false,"xor":false},"metadata":{"graphics":{"position":{"x":110,"y":100},"size":{"height":260,"width":310}}},"id":"26777a74-329f-4a19-a9b3-aeda9e959470","type":"ifml.ViewContainer"},{"attributes":{"name":"Inicio de sesion","stereotype":"form","fields":["contraseña","identificacion"]},"metadata":{"graphics":{"position":{"x":180,"y":200},"size":{"height":60,"width":150}}},"id":"c0676a41-85d3-4f3c-86c9-1445810d3c96","type":"ifml.ViewComponent"},{"attributes":{"name":"Entrar"},"metadata":{"graphics":{"position":{"x":260,"y":250},"name":{"horizontal":"left-outer","vertical":"top"}}},"id":"b856f074-48a6-4e81-a05c-e49ceafa6a6c","type":"ifml.Event"},{"attributes":{"name":"Sesion Iniciada","parameters":[],"results":[]},"metadata":{"graphics":{"position":{"x":230,"y":440},"size":{"height":50,"width":75}}},"id":"d21cc213-8161-4210-8ec9-43a9e8ee813b","type":"ifml.Action"},{"attributes":{"name":""},"metadata":{"graphics":{"position":{"x":290,"y":480},"name":{"horizontal":"left-outer","vertical":"top"}}},"id":"cdde7d27-8640-43ef-a6f0-8172cdb3391e","type":"ifml.Event"},{"attributes":{"name":"Correos","default":false,"landmark":true,"xor":false},"metadata":{"graphics":{"position":{"x":480,"y":120},"size":{"height":580,"width":880}}},"id":"8a47aa8c-cda9-408e-ab54-d31576b30724","type":"ifml.ViewContainer"},{"attributes":{"name":"Folders","default":false,"landmark":false,"xor":false},"metadata":{"graphics":{"position":{"x":500,"y":330},"size":{"height":320,"width":180}}},"id":"3304bd13-54a8-4b52-a677-9343c15406fa","type":"ifml.ViewContainer"},{"attributes":{"name":"Folders","stereotype":"list","fields":["nombre"],"collection":"Folders","filters":[]},"metadata":{"graphics":{"position":{"x":510,"y":440},"size":{"height":60,"width":150}}},"id":"569d28ac-0c6e-4c97-b030-9b202d2ead1d","type":"ifml.ViewComponent"},{"attributes":{"name":"selected","stereotype":"selection"},"metadata":{"graphics":{"position":{"x":650,"y":490},"name":{"horizontal":"right","vertical":"bottom"}}},"id":"ba774d4f-57d3-4f6d-b002-8a9b6940faad","type":"ifml.Event"},{"attributes":{"name":"Lista de correos","default":false,"landmark":false,"xor":false},"metadata":{"graphics":{"position":{"x":700,"y":330},"size":{"height":320,"width":200}}},"id":"5572f324-3b05-44df-9224-4eef514d9cea","type":"ifml.ViewContainer"},{"attributes":{"name":"Visor de correo","default":false,"landmark":false,"xor":false},"metadata":{"graphics":{"position":{"x":950,"y":330},"size":{"height":320,"width":350}}},"id":"7e51ad3a-6ff8-4719-8721-ebaf48a75302","type":"ifml.ViewContainer"},{"attributes":{"name":"Contactos","default":false,"landmark":true,"xor":false},"metadata":{"graphics":{"position":{"x":1480,"y":110},"size":{"height":590,"width":1010}}},"id":"51872656-45d8-4620-b7d4-3403ec7968b4","type":"ifml.ViewContainer"},{"attributes":{"name":"Botones superiores","default":false,"landmark":false,"xor":false},"metadata":{"graphics":{"position":{"x":550,"y":190},"size":{"height":100,"width":410}}},"id":"d11c533a-79ad-401b-baf8-910b2e50bc84","type":"ifml.ViewContainer"},{"attributes":{"name":"Creacion de correo","default":false,"landmark":false,"xor":false},"metadata":{"graphics":{"position":{"x":720,"y":-750},"size":{"height":600,"width":1100}}},"id":"3046eacd-1d18-410c-8348-b330309ab622","type":"ifml.ViewContainer"},{"attributes":{"name":"Buscador","default":false,"landmark":false,"xor":false},"metadata":{"graphics":{"position":{"x":1020,"y":190},"size":{"height":100,"width":260}}},"id":"6b79db49-d40c-43ae-8afb-956739b29eaf","type":"ifml.ViewContainer"},{"attributes":{"name":"","stereotype":"form","fields":["Buscar"]},"metadata":{"graphics":{"position":{"x":1090,"y":220},"size":{"height":60,"width":150}}},"id":"4b19a65d-e148-4848-a3cd-7adc358fa105","type":"ifml.ViewComponent"},{"attributes":{"name":"Buscar"},"metadata":{"graphics":{"position":{"x":1140,"y":270},"name":{"horizontal":"left-outer","vertical":"top"}}},"id":"e363899c-96c0-4f8e-89fb-56a228a81101","type":"ifml.Event"},{"attributes":{"name":"Correos","stereotype":"list","fields":["content","date","folder","from","subject","to"],"collection":"Correos","filters":["content","date","folder","from","subject","to"]},"metadata":{"graphics":{"position":{"x":730,"y":440},"size":{"height":60,"width":150}}},"id":"01a012ea-6064-4945-a699-afd29ed44e79","type":"ifml.ViewComponent"},{"attributes":{"name":"selected","stereotype":"selection"},"metadata":{"graphics":{"position":{"x":870,"y":490},"name":{"horizontal":"right","vertical":"bottom"}}},"id":"df17d1a1-83b7-40f8-8418-e4c7ac1b3381","type":"ifml.Event"},{"attributes":{"name":"Visor de contenido","stereotype":"details","fields":["content","date","from","subject","to"],"collection":"Correos"},"metadata":{"graphics":{"position":{"x":1060,"y":440},"size":{"height":60,"width":150}}},"id":"dec0981c-2e0c-49a2-8824-2deda51b00a1","type":"ifml.ViewComponent"},{"attributes":{"name":"Lista de contactos","default":false,"landmark":false,"xor":false},"metadata":{"graphics":{"position":{"x":750,"y":-620},"size":{"height":400,"width":180}}},"id":"ff08c275-8cc1-45ab-9955-bdf2919907d6","type":"ifml.ViewContainer"},{"attributes":{"name":"Lista de Contactos","stereotype":"list","fields":["correo","nombre"],"collection":"Contactos","filters":["correo","nombre"]},"metadata":{"graphics":{"position":{"x":760,"y":-380},"size":{"height":60,"width":150}}},"id":"65f46b2b-72f0-4747-ac62-c8639a1e9202","type":"ifml.ViewComponent"},{"attributes":{"name":"selected","stereotype":"selection"},"metadata":{"graphics":{"position":{"x":900,"y":-330},"name":{"horizontal":"right","vertical":"bottom"}}},"id":"826c7ab7-14d5-4c07-baac-6830109b8768","type":"ifml.Event"},{"attributes":{"name":"Buscador","stereotype":"form","fields":["input"]},"metadata":{"graphics":{"position":{"x":770,"y":-540},"size":{"height":60,"width":150}}},"id":"cfaf87b0-5b16-4123-8293-67b7b5752d51","type":"ifml.ViewComponent"},{"attributes":{"name":"Buscar"},"metadata":{"graphics":{"position":{"x":820,"y":-490},"name":{"horizontal":"left-outer","vertical":"top"}}},"id":"f3cb131b-5be3-462c-a244-6df481732515","type":"ifml.Event"},{"attributes":{"name":"Editor de correo","default":false,"landmark":false,"xor":false},"metadata":{"graphics":{"position":{"x":1000,"y":-620},"size":{"height":400,"width":750}}},"id":"3ba10e25-62e4-4c52-a9a7-ae83b58aad1a","type":"ifml.ViewContainer"},{"attributes":{"name":"formulario","stereotype":"form","fields":["content","from","subject","to"]},"metadata":{"graphics":{"position":{"x":1090,"y":-560},"size":{"height":220,"width":420}}},"id":"1f847454-d82b-4e9f-aae2-e4cea1f173b1","type":"ifml.ViewComponent"},{"attributes":{"name":"Send message"},"metadata":{"graphics":{"position":{"x":1150,"y":-350},"name":{"horizontal":"left-outer","vertical":"top"}}},"id":"aa8c938c-96d2-40a2-81d4-bce78076084d","type":"ifml.Event"},{"attributes":{"name":"Cancel"},"metadata":{"graphics":{"position":{"x":1210,"y":-350},"name":{"horizontal":"left-outer","vertical":"top"}}},"id":"957b9093-c740-49b9-a032-52352078a3e8","type":"ifml.Event"},{"attributes":{"name":"Mensaje enviado","parameters":[],"results":[]},"metadata":{"graphics":{"position":{"x":1100,"y":-120},"size":{"height":50,"width":75}}},"id":"51e38c99-28d4-4eb3-9184-769effd7d2ee","type":"ifml.Action"},{"attributes":{"name":"Añadir archivos"},"metadata":{"graphics":{"position":{"x":990,"y":-570},"name":{"horizontal":"left-outer","vertical":"top"}}},"id":"0b48c784-972f-4387-aac9-c02b879bc11a","type":"ifml.Event"},{"attributes":{"name":"Selector de archivos","default":false,"landmark":false,"xor":false},"metadata":{"graphics":{"position":{"x":900,"y":-1030},"size":{"height":220,"width":370}}},"id":"40426486-c031-4718-bade-253203cbaa94","type":"ifml.ViewContainer"},{"attributes":{"name":"Archivos en ordenador","stereotype":"list","fields":["nombre","tamaño"],"collection":"Archivos","filters":["nombre"]},"metadata":{"graphics":{"position":{"x":1100,"y":-950},"size":{"height":60,"width":150}}},"id":"13a03343-f801-4cbf-bba7-73a2a8c52a17","type":"ifml.ViewComponent"},{"attributes":{"name":"selected","stereotype":"selection"},"metadata":{"graphics":{"position":{"x":1240,"y":-900},"name":{"horizontal":"right","vertical":"bottom"}}},"id":"db38d33f-a879-4908-ba65-a9719221a309","type":"ifml.Event"},{"attributes":{"name":"Buscador","stereotype":"form","fields":["input"]},"metadata":{"graphics":{"position":{"x":910,"y":-950},"size":{"height":60,"width":150}}},"id":"228d1923-6f0a-4ddf-afd3-9dd90dad11f2","type":"ifml.ViewComponent"},{"attributes":{"name":"Buscar"},"metadata":{"graphics":{"position":{"x":980,"y":-900},"name":{"horizontal":"left-outer","vertical":"top"}}},"id":"31084e3b-a64d-4bff-8d32-520d2e488d66","type":"ifml.Event"},{"attributes":{"name":"Archivo añadido","parameters":[],"results":[]},"metadata":{"graphics":{"position":{"x":1360,"y":-920},"size":{"height":50,"width":75}}},"id":"d4f51b98-7920-450f-9274-07eacf18d3a1","type":"ifml.Action"},{"attributes":{"name":""},"metadata":{"graphics":{"position":{"x":1380,"y":-880},"name":{"horizontal":"left-outer","vertical":"top"}}},"id":"4a0e17b0-6e52-4e04-b541-04577f56b907","type":"ifml.Event"},{"attributes":{"name":"Guardar como draft"},"metadata":{"graphics":{"position":{"x":1270,"y":-230},"name":{"horizontal":"middle","vertical":"top"}}},"id":"ce75eaec-76c9-4feb-877d-8b5eaacdd2bf","type":"ifml.Event"},{"attributes":{"name":"Show address book"},"metadata":{"graphics":{"position":{"x":1400,"y":-230},"name":{"horizontal":"middle","vertical":"top"}}},"id":"d865e815-88e4-4ddd-a14d-3ca93a3fb1f8","type":"ifml.Event"},{"attributes":{"name":"PopUp Address","default":false,"landmark":false,"xor":false},"metadata":{"graphics":{"position":{"x":1320,"y":-130},"size":{"height":160,"width":200}}},"id":"98a15734-5557-41ce-9be0-c42f02e56d15","type":"ifml.ViewContainer"},{"attributes":{"name":"Lista de attachments añadidos","default":false,"landmark":false,"xor":false},"metadata":{"graphics":{"position":{"x":1550,"y":-530},"size":{"height":210,"width":180}}},"id":"de26d1c2-2f89-4ccd-a8fe-31afd1f2ea05","type":"ifml.ViewContainer"},{"attributes":{"name":"Cancelar"},"metadata":{"graphics":{"position":{"x":1140,"y":-820},"name":{"horizontal":"left-outer","vertical":"top"}}},"id":"7a00d4f6-daba-4c15-8f7f-209be9769af7","type":"ifml.Event"},{"attributes":{"name":"Lista de grupos","default":false,"landmark":false,"xor":false},"metadata":{"graphics":{"position":{"x":1500,"y":250},"size":{"height":360,"width":180}}},"id":"cb03f56d-cf4a-4cfe-abd4-15267027a4a8","type":"ifml.ViewContainer"},{"attributes":{"name":"Lista de contactos","default":false,"landmark":false,"xor":false},"metadata":{"graphics":{"position":{"x":1690,"y":250},"size":{"height":360,"width":180}}},"id":"bcbc8e94-5dfc-4de2-ab2e-546cd5785739","type":"ifml.ViewContainer"},{"attributes":{"name":"Lista de grupos","stereotype":"list","fields":["type"],"collection":"Grupos","filters":["type"]},"metadata":{"graphics":{"position":{"x":1510,"y":360},"size":{"height":60,"width":150}}},"id":"c31a6b8a-de14-4ca7-b40c-3146a7370090","type":"ifml.ViewComponent"},{"attributes":{"name":"selected","stereotype":"selection"},"metadata":{"graphics":{"position":{"x":1650,"y":410},"name":{"horizontal":"right","vertical":"bottom"}}},"id":"6c13bb74-b3c9-4263-a7b6-e103904a9735","type":"ifml.Event"},{"attributes":{"name":"Lista de contactos","stereotype":"list","fields":["apellido","correo","nombre","type"],"collection":"Contactos","filters":["apellido","correo","nombre","type"]},"metadata":{"graphics":{"position":{"x":1700,"y":360},"size":{"height":60,"width":150}}},"id":"35af14fb-87ca-42e6-b949-212e4c97eaf8","type":"ifml.ViewComponent"},{"attributes":{"name":"selected","stereotype":"selection"},"metadata":{"graphics":{"position":{"x":1840,"y":410},"name":{"horizontal":"right","vertical":"bottom"}}},"id":"2ca1cbc8-05f2-488e-9b3c-768e4d8db5e7","type":"ifml.Event"},{"attributes":{"name":"Refrescar"},"metadata":{"graphics":{"position":{"x":590,"y":180},"name":{"horizontal":"left-outer","vertical":"top"}}},"id":"1e484b47-98c7-4205-8e06-2fd34e78910f","type":"ifml.Event"},{"attributes":{"name":"Página refrescada","parameters":[],"results":[]},"metadata":{"graphics":{"position":{"x":580,"y":-50},"size":{"height":50,"width":75}}},"id":"6539a4ef-64c1-46b5-b7e4-8068e704544d","type":"ifml.Action"},{"attributes":{"name":""},"metadata":{"graphics":{"position":{"x":620,"y":-10},"name":{"horizontal":"left-outer","vertical":"top"}}},"id":"b9216e72-aa4a-446c-90c0-67b2f8811e7c","type":"ifml.Event"},{"attributes":{"name":"Correo seleccionado borrado","parameters":[],"results":[]},"metadata":{"graphics":{"position":{"x":700,"y":-20},"size":{"height":50,"width":75}}},"id":"6ae73b2e-a39f-4af7-bce1-337913453c25","type":"ifml.Action"},{"attributes":{"name":""},"metadata":{"graphics":{"position":{"x":750,"y":20},"name":{"horizontal":"left-outer","vertical":"top"}}},"id":"a9e5b6d0-1902-4370-bc6b-99ccf30d54c2","type":"ifml.Event"},{"attributes":{"name":"Mover a la basura"},"metadata":{"graphics":{"position":{"x":710,"y":180},"name":{"horizontal":"middle","vertical":"top"}}},"id":"4ec69844-7560-4ad7-8dcd-39324305929f","type":"ifml.Event"},{"attributes":{"name":"Crear un correo"},"metadata":{"graphics":{"position":{"x":940,"y":180},"name":{"horizontal":"left-outer","vertical":"top"}}},"id":"9b655985-97d0-4c52-bd12-770aa2eb0815","type":"ifml.Event"},{"attributes":{"name":"Marcar mensaje"},"metadata":{"graphics":{"position":{"x":820,"y":180},"name":{"horizontal":"middle","vertical":"bottom"}}},"id":"580f61eb-ffdd-456f-bcbe-6011a899db70","type":"ifml.Event"},{"attributes":{"name":"Mensaje marcado","parameters":[],"results":[]},"metadata":{"graphics":{"position":{"x":820,"y":30},"size":{"height":50,"width":75}}},"id":"17a8135f-8f20-415c-aa7e-69e4f2888f30","type":"ifml.Action"},{"attributes":{"name":""},"metadata":{"graphics":{"position":{"x":860,"y":70},"name":{"horizontal":"left-outer","vertical":"top"}}},"id":"05ddb8b1-55ec-4262-b1ca-ac0b1386d1b8","type":"ifml.Event"},{"attributes":{"name":"Barra superior","default":false,"landmark":false,"xor":false},"metadata":{"graphics":{"position":{"x":1500,"y":140},"size":{"height":100,"width":370}}},"id":"61216e63-3b7d-4723-bd50-f08a9a523635","type":"ifml.ViewContainer"},{"attributes":{"name":"Create new contact"},"metadata":{"graphics":{"position":{"x":1720,"y":130},"name":{"horizontal":"left-outer","vertical":"top"}}},"id":"3b9bfe92-942d-45a0-98e6-9720db7c7b22","type":"ifml.Event"},{"attributes":{"name":"Creador contacto","default":false,"landmark":false,"xor":false},"metadata":{"graphics":{"position":{"x":1580,"y":-120},"size":{"height":160,"width":200}}},"id":"16e97d80-c54a-4243-a533-4b1244950e5d","type":"ifml.ViewContainer"},{"attributes":{"name":"Nuevo contacto","stereotype":"form","fields":["apellido","correo","nombre","type"]},"metadata":{"graphics":{"position":{"x":1600,"y":-60},"size":{"height":60,"width":150}}},"id":"f17a3597-9dab-4712-bbd4-95a1d443448f","type":"ifml.ViewComponent"},{"attributes":{"name":"Cancelar"},"metadata":{"graphics":{"position":{"x":1640,"y":-10},"name":{"horizontal":"left-outer","vertical":"top"}}},"id":"b46f1ab2-99f3-4ff1-a5eb-07cc74952b4e","type":"ifml.Event"},{"attributes":{"name":"Guardar"},"metadata":{"graphics":{"position":{"x":1710,"y":-10},"name":{"horizontal":"left-outer","vertical":"top"}}},"id":"de6d37fe-95d5-4079-950e-b424292855ac","type":"ifml.Event"},{"attributes":{"name":"Busqueda avanzada"},"metadata":{"graphics":{"position":{"x":1840,"y":130},"name":{"horizontal":"right-outer","vertical":"top"}}},"id":"c6066241-eeae-46f4-9957-942bac0648af","type":"ifml.Event"},{"attributes":{"name":"Contacto creado","parameters":[],"results":[]},"metadata":{"graphics":{"position":{"x":1800,"y":-40},"size":{"height":50,"width":75}}},"id":"d5e4fd50-6500-447e-9829-a6eed220a210","type":"ifml.Action"},{"attributes":{"name":""},"metadata":{"graphics":{"position":{"x":1820,"y":0},"name":{"horizontal":"left-outer","vertical":"top"}}},"id":"de0fb3c1-35b9-41e6-92ac-7a54c3fbf79d","type":"ifml.Event"},{"attributes":{"name":"Busqueda avanzada","default":false,"landmark":false,"xor":false},"metadata":{"graphics":{"position":{"x":1940,"y":-80},"size":{"height":160,"width":200}}},"id":"e9648716-bcdb-41e2-a880-297abedfc66c","type":"ifml.ViewContainer"},{"attributes":{"name":"Filtro avanzado","stereotype":"form","fields":["apellido","correo","nombre","type"]},"metadata":{"graphics":{"position":{"x":1960,"y":-30},"size":{"height":60,"width":150}}},"id":"29df7c67-f511-4e14-b70d-49139e7d64e7","type":"ifml.ViewComponent"},{"attributes":{"name":"Buscar"},"metadata":{"graphics":{"position":{"x":1970,"y":20},"name":{"horizontal":"right-outer","vertical":"bottom"}}},"id":"ae9e4ec1-ac60-49c7-95a9-61a2c40d1f02","type":"ifml.Event"},{"attributes":{"name":"Visor de contacto","default":false,"landmark":false,"xor":false},"metadata":{"graphics":{"position":{"x":2000,"y":210},"size":{"height":350,"width":430}}},"id":"2429803a-398f-4832-ac7d-6ed8964dee09","type":"ifml.ViewContainer"},{"attributes":{"name":"Datos del contacto","stereotype":"details","fields":["apellido","correo","nombre","type"],"collection":"Contactos"},"metadata":{"graphics":{"position":{"x":2060,"y":290},"size":{"height":200,"width":300}}},"id":"92a281b1-d2ba-4aef-be35-d9be07e19ab3","type":"ifml.ViewComponent"},{"attributes":{"name":"Edit contact"},"metadata":{"graphics":{"position":{"x":2310,"y":280},"name":{"horizontal":"left-outer","vertical":"top"}}},"id":"45d25420-2221-49eb-bba1-5c0315732eac","type":"ifml.Event"},{"attributes":{"name":"Editor de contacto","default":false,"landmark":false,"xor":false},"metadata":{"graphics":{"position":{"x":2200,"y":-130},"size":{"height":160,"width":200}}},"id":"ddf62158-ae88-43fd-85da-e0de6fd80e07","type":"ifml.ViewContainer"},{"attributes":{"name":"Editar contacto","stereotype":"form","fields":["apellido","correo","nombre","type"]},"metadata":{"graphics":{"position":{"x":2220,"y":-70},"size":{"height":60,"width":150}}},"id":"73128033-7e64-4cc7-bfb8-19fc373f6cdf","type":"ifml.ViewComponent"},{"attributes":{"name":"Cancelar"},"metadata":{"graphics":{"position":{"x":2210,"y":-20},"name":{"horizontal":"left-outer","vertical":"top"}}},"id":"d0cb11c6-cddc-46ae-b87a-dbb00b55c74d","type":"ifml.Event"},{"attributes":{"name":"Contacto guardado","parameters":[],"results":[]},"metadata":{"graphics":{"position":{"x":2440,"y":-50},"size":{"height":50,"width":75}}},"id":"2e4a29f4-debf-453e-aba3-e2d751ca1d17","type":"ifml.Action"},{"attributes":{"name":""},"metadata":{"graphics":{"position":{"x":2470,"y":-10},"name":{"horizontal":"left-outer","vertical":"top"}}},"id":"881d6b31-d9d4-4c0e-b045-9e17fd85490a","type":"ifml.Event"},{"attributes":{"name":"Guardar"},"metadata":{"graphics":{"position":{"x":2360,"y":-70},"name":{"horizontal":"left-outer","vertical":"top"}}},"id":"0a26f524-73e3-4f91-a063-2bcdfb0d0baa","type":"ifml.Event"},{"attributes":{"name":"Salir"},"metadata":{"graphics":{"position":{"x":1310,"y":-40},"name":{"horizontal":"left-outer","vertical":"top"}}},"id":"b7b92f89-e2a8-4fad-9fa5-632d1cb35f09","type":"ifml.Event"},{"attributes":{"name":"Logout","default":false,"landmark":true,"xor":false},"metadata":{"graphics":{"position":{"x":130,"y":600},"size":{"height":160,"width":200}}},"id":"7aa312bd-81fc-4feb-be99-405ffd128cc4","type":"ifml.ViewContainer"},{"attributes":{"name":"cerrar sesion"},"metadata":{"graphics":{"position":{"x":120,"y":640},"name":{"horizontal":"left-outer","vertical":"top"}}},"id":"94b6f1e2-4ed6-40a4-8d29-b4b8dfd21167","type":"ifml.Event"},{"attributes":{"name":"Sesion cerrada","parameters":[],"results":[]},"metadata":{"graphics":{"position":{"x":-60,"y":600},"size":{"height":50,"width":75}}},"id":"6cddc1fa-d6f1-46ff-9164-bd1389752fb1","type":"ifml.Action"},{"attributes":{"bindings":[]},"metadata":{"graphics":{}},"id":"a76d4d2b-15ac-43a0-8fb8-e13738513236","type":"ifml.NavigationFlow"},{"attributes":{"bindings":[]},"metadata":{"graphics":{}},"id":"8b1e38fc-880d-4dc4-8813-1b74fcd30352","type":"ifml.NavigationFlow"},{"attributes":{"bindings":[{"input":"folder","output":"nombre"}]},"metadata":{"graphics":{}},"id":"bcab2111-baea-4db2-adb9-f594f23183b5","type":"ifml.NavigationFlow"},{"attributes":{"bindings":[{"input":"id","output":"id"}]},"metadata":{"graphics":{}},"id":"274d5e03-c5b6-4902-beea-746f4da5ee12","type":"ifml.NavigationFlow"},{"attributes":{"bindings":[]},"metadata":{"graphics":{}},"id":"bb68e44f-4187-4b65-b66e-ad29717d1a3c","type":"ifml.NavigationFlow"},{"attributes":{"bindings":[]},"metadata":{"graphics":{}},"id":"b4ce1ec4-c5b3-46cb-8755-1769ddb446c7","type":"ifml.NavigationFlow"},{"attributes":{"bindings":[]},"metadata":{"graphics":{}},"id":"b56bff21-ffc5-444d-9d9a-ae4b63b146f5","type":"ifml.NavigationFlow"},{"attributes":{"bindings":[{"input":"subject","output":"Buscar"}]},"metadata":{"graphics":{"vertices":[{"x":1150,"y":310},{"x":860,"y":310}]}},"id":"0982847a-1c1b-42a0-816f-3830850e1cdf","type":"ifml.NavigationFlow"},{"attributes":{"bindings":[{"input":"nombre","output":"input"}]},"metadata":{"graphics":{}},"id":"e94f0b70-35b2-4f8c-9d18-b88408710300","type":"ifml.NavigationFlow"},{"attributes":{"bindings":[]},"metadata":{"graphics":{}},"id":"2853045b-f11c-4f70-8d62-c7d5aa367fcb","type":"ifml.NavigationFlow"},{"attributes":{"bindings":[]},"metadata":{"graphics":{}},"id":"3b7d44a6-0c0e-4edc-8e24-ff57079e669a","type":"ifml.NavigationFlow"},{"attributes":{"bindings":[]},"metadata":{"graphics":{"vertices":[{"x":960,"y":-560}]}},"id":"bfabe401-2349-4c67-8c50-7dea80001193","type":"ifml.NavigationFlow"},{"attributes":{"bindings":[{"input":"nombre","output":"input"}]},"metadata":{"graphics":{"vertices":[{"x":990,"y":-850},{"x":1130,"y":-850}]}},"id":"5f1e97be-15a6-41b9-9753-56bf4acef5b4","type":"ifml.NavigationFlow"},{"attributes":{"bindings":[]},"metadata":{"graphics":{}},"id":"377672a4-d7e9-4aeb-b411-047132dc2f19","type":"ifml.NavigationFlow"},{"attributes":{"bindings":[]},"metadata":{"graphics":{}},"id":"e0ee3ddc-4647-43c9-ac8d-14e25fc7b955","type":"ifml.NavigationFlow"},{"attributes":{"bindings":[]},"metadata":{"graphics":{}},"id":"639d7644-0a28-4f40-ad55-d5a936623b13","type":"ifml.NavigationFlow"},{"attributes":{"bindings":[]},"metadata":{"graphics":{}},"id":"48fcb73e-b89c-402a-8846-d4235fe619ea","type":"ifml.NavigationFlow"},{"attributes":{"bindings":[]},"metadata":{"graphics":{}},"id":"b48b36da-e510-4a2a-b85b-d1fd160c4d75","type":"ifml.NavigationFlow"},{"attributes":{"bindings":[{"input":"type","output":"type"}]},"metadata":{"graphics":{}},"id":"3970cec8-c42e-44f9-9118-6e5e7d79d65a","type":"ifml.NavigationFlow"},{"attributes":{"bindings":[]},"metadata":{"graphics":{}},"id":"1744e780-4607-4863-bfb2-30910ab3cbf5","type":"ifml.NavigationFlow"},{"attributes":{"bindings":[]},"metadata":{"graphics":{}},"id":"2fc1cf60-f33a-4903-ae96-c256fa95f310","type":"ifml.NavigationFlow"},{"attributes":{"bindings":[]},"metadata":{"graphics":{}},"id":"de90f27b-2a86-43b0-99d1-6ad6ac45a574","type":"ifml.NavigationFlow"},{"attributes":{"bindings":[]},"metadata":{"graphics":{}},"id":"487c438f-4ec8-4f24-8b80-82ce9121881e","type":"ifml.NavigationFlow"},{"attributes":{"bindings":[]},"metadata":{"graphics":{}},"id":"e3e36e64-2fdc-4280-af97-4e963d7d0e9c","type":"ifml.NavigationFlow"},{"attributes":{"bindings":[]},"metadata":{"graphics":{}},"id":"08954760-bcea-4aae-90fa-807681628365","type":"ifml.NavigationFlow"},{"attributes":{"bindings":[]},"metadata":{"graphics":{}},"id":"4caa1cdb-0d70-4038-89ea-b6becb30128d","type":"ifml.NavigationFlow"},{"attributes":{"bindings":[]},"metadata":{"graphics":{}},"id":"cf2381dc-4dc1-4a30-b9b5-0ee83730b846","type":"ifml.NavigationFlow"},{"attributes":{"bindings":[]},"metadata":{"graphics":{"vertices":[{"x":1850,"y":30}]}},"id":"c1f08b95-5020-49e5-a55d-9d11ce20bdfb","type":"ifml.NavigationFlow"},{"attributes":{"bindings":[{"input":"nombre","output":"nombre"},{"input":"apellido","output":"apellido"},{"input":"correo","output":"correo"},{"input":"type","output":"type"}]},"metadata":{"graphics":{"vertices":[{"x":1970,"y":390}]}},"id":"c2c611a5-d69f-4d04-b584-e67625730e31","type":"ifml.NavigationFlow"},{"attributes":{"bindings":[{"input":"id","output":"id"}]},"metadata":{"graphics":{}},"id":"3c4499c0-4f31-4982-a02f-e0d20fb5499e","type":"ifml.NavigationFlow"},{"attributes":{"bindings":[{"input":"nombre","output":"nombre"},{"input":"apellido","output":"apellido"},{"input":"correo","output":"correo"},{"input":"type","output":"type"}]},"metadata":{"graphics":{"vertices":[{"x":2320,"y":70}]}},"id":"62e90bac-1df0-4d61-80db-21f114702f10","type":"ifml.NavigationFlow"},{"attributes":{"bindings":[]},"metadata":{"graphics":{}},"id":"a4ccaf9a-f638-42ec-bea6-5a57a3ac1802","type":"ifml.NavigationFlow"},{"attributes":{"bindings":[]},"metadata":{"graphics":{}},"id":"d8844c09-c105-4940-bc61-5ec2fdc6e12e","type":"ifml.NavigationFlow"},{"attributes":{"bindings":[]},"metadata":{"graphics":{}},"id":"6f0ffa20-cf52-456c-9d5e-ffa71167dce8","type":"ifml.NavigationFlow"},{"attributes":{"bindings":[]},"metadata":{"graphics":{}},"id":"815ca63c-3e85-48c9-b66f-a330a57911d3","type":"ifml.NavigationFlow"},{"attributes":{"bindings":[]},"metadata":{"graphics":{}},"id":"5c615e80-dd99-4909-a323-020c99e523d7","type":"ifml.NavigationFlow"},{"attributes":{"name":""},"metadata":{"graphics":{"position":{"x":-10,"y":590},"name":{"horizontal":"left-outer","vertical":"top"}}},"id":"f67bd747-f9ed-41e5-97ac-2d7dce524039","type":"ifml.Event"},{"attributes":{"bindings":[]},"metadata":{"graphics":{"vertices":[{"x":0,"y":220}]}},"id":"de992824-d165-4308-9507-64e75e08fb17","type":"ifml.NavigationFlow"}],"relations":[{"type":"hierarchy","parent":"26777a74-329f-4a19-a9b3-aeda9e959470","child":"c0676a41-85d3-4f3c-86c9-1445810d3c96"},{"type":"hierarchy","parent":"c0676a41-85d3-4f3c-86c9-1445810d3c96","child":"b856f074-48a6-4e81-a05c-e49ceafa6a6c"},{"type":"hierarchy","parent":"d21cc213-8161-4210-8ec9-43a9e8ee813b","child":"cdde7d27-8640-43ef-a6f0-8172cdb3391e"},{"type":"hierarchy","parent":"8a47aa8c-cda9-408e-ab54-d31576b30724","child":"3304bd13-54a8-4b52-a677-9343c15406fa"},{"type":"hierarchy","parent":"3304bd13-54a8-4b52-a677-9343c15406fa","child":"569d28ac-0c6e-4c97-b030-9b202d2ead1d"},{"type":"hierarchy","parent":"569d28ac-0c6e-4c97-b030-9b202d2ead1d","child":"ba774d4f-57d3-4f6d-b002-8a9b6940faad"},{"type":"hierarchy","parent":"8a47aa8c-cda9-408e-ab54-d31576b30724","child":"5572f324-3b05-44df-9224-4eef514d9cea"},{"type":"hierarchy","parent":"8a47aa8c-cda9-408e-ab54-d31576b30724","child":"7e51ad3a-6ff8-4719-8721-ebaf48a75302"},{"type":"hierarchy","parent":"8a47aa8c-cda9-408e-ab54-d31576b30724","child":"d11c533a-79ad-401b-baf8-910b2e50bc84"},{"type":"hierarchy","parent":"8a47aa8c-cda9-408e-ab54-d31576b30724","child":"6b79db49-d40c-43ae-8afb-956739b29eaf"},{"type":"hierarchy","parent":"6b79db49-d40c-43ae-8afb-956739b29eaf","child":"4b19a65d-e148-4848-a3cd-7adc358fa105"},{"type":"hierarchy","parent":"4b19a65d-e148-4848-a3cd-7adc358fa105","child":"e363899c-96c0-4f8e-89fb-56a228a81101"},{"type":"hierarchy","parent":"5572f324-3b05-44df-9224-4eef514d9cea","child":"01a012ea-6064-4945-a699-afd29ed44e79"},{"type":"hierarchy","parent":"01a012ea-6064-4945-a699-afd29ed44e79","child":"df17d1a1-83b7-40f8-8418-e4c7ac1b3381"},{"type":"hierarchy","parent":"7e51ad3a-6ff8-4719-8721-ebaf48a75302","child":"dec0981c-2e0c-49a2-8824-2deda51b00a1"},{"type":"hierarchy","parent":"3046eacd-1d18-410c-8348-b330309ab622","child":"ff08c275-8cc1-45ab-9955-bdf2919907d6"},{"type":"hierarchy","parent":"ff08c275-8cc1-45ab-9955-bdf2919907d6","child":"65f46b2b-72f0-4747-ac62-c8639a1e9202"},{"type":"hierarchy","parent":"65f46b2b-72f0-4747-ac62-c8639a1e9202","child":"826c7ab7-14d5-4c07-baac-6830109b8768"},{"type":"hierarchy","parent":"ff08c275-8cc1-45ab-9955-bdf2919907d6","child":"cfaf87b0-5b16-4123-8293-67b7b5752d51"},{"type":"hierarchy","parent":"cfaf87b0-5b16-4123-8293-67b7b5752d51","child":"f3cb131b-5be3-462c-a244-6df481732515"},{"type":"hierarchy","parent":"3046eacd-1d18-410c-8348-b330309ab622","child":"3ba10e25-62e4-4c52-a9a7-ae83b58aad1a"},{"type":"hierarchy","parent":"3ba10e25-62e4-4c52-a9a7-ae83b58aad1a","child":"1f847454-d82b-4e9f-aae2-e4cea1f173b1"},{"type":"hierarchy","parent":"1f847454-d82b-4e9f-aae2-e4cea1f173b1","child":"aa8c938c-96d2-40a2-81d4-bce78076084d"},{"type":"hierarchy","parent":"1f847454-d82b-4e9f-aae2-e4cea1f173b1","child":"957b9093-c740-49b9-a032-52352078a3e8"},{"type":"hierarchy","parent":"3ba10e25-62e4-4c52-a9a7-ae83b58aad1a","child":"0b48c784-972f-4387-aac9-c02b879bc11a"},{"type":"hierarchy","parent":"40426486-c031-4718-bade-253203cbaa94","child":"13a03343-f801-4cbf-bba7-73a2a8c52a17"},{"type":"hierarchy","parent":"13a03343-f801-4cbf-bba7-73a2a8c52a17","child":"db38d33f-a879-4908-ba65-a9719221a309"},{"type":"hierarchy","parent":"40426486-c031-4718-bade-253203cbaa94","child":"228d1923-6f0a-4ddf-afd3-9dd90dad11f2"},{"type":"hierarchy","parent":"228d1923-6f0a-4ddf-afd3-9dd90dad11f2","child":"31084e3b-a64d-4bff-8d32-520d2e488d66"},{"type":"hierarchy","parent":"d4f51b98-7920-450f-9274-07eacf18d3a1","child":"4a0e17b0-6e52-4e04-b541-04577f56b907"},{"type":"hierarchy","parent":"3ba10e25-62e4-4c52-a9a7-ae83b58aad1a","child":"ce75eaec-76c9-4feb-877d-8b5eaacdd2bf"},{"type":"hierarchy","parent":"3ba10e25-62e4-4c52-a9a7-ae83b58aad1a","child":"d865e815-88e4-4ddd-a14d-3ca93a3fb1f8"},{"type":"hierarchy","parent":"3ba10e25-62e4-4c52-a9a7-ae83b58aad1a","child":"de26d1c2-2f89-4ccd-a8fe-31afd1f2ea05"},{"type":"hierarchy","parent":"40426486-c031-4718-bade-253203cbaa94","child":"7a00d4f6-daba-4c15-8f7f-209be9769af7"},{"type":"hierarchy","parent":"51872656-45d8-4620-b7d4-3403ec7968b4","child":"cb03f56d-cf4a-4cfe-abd4-15267027a4a8"},{"type":"hierarchy","parent":"51872656-45d8-4620-b7d4-3403ec7968b4","child":"bcbc8e94-5dfc-4de2-ab2e-546cd5785739"},{"type":"hierarchy","parent":"cb03f56d-cf4a-4cfe-abd4-15267027a4a8","child":"c31a6b8a-de14-4ca7-b40c-3146a7370090"},{"type":"hierarchy","parent":"c31a6b8a-de14-4ca7-b40c-3146a7370090","child":"6c13bb74-b3c9-4263-a7b6-e103904a9735"},{"type":"hierarchy","parent":"bcbc8e94-5dfc-4de2-ab2e-546cd5785739","child":"35af14fb-87ca-42e6-b949-212e4c97eaf8"},{"type":"hierarchy","parent":"35af14fb-87ca-42e6-b949-212e4c97eaf8","child":"2ca1cbc8-05f2-488e-9b3c-768e4d8db5e7"},{"type":"hierarchy","parent":"d11c533a-79ad-401b-baf8-910b2e50bc84","child":"1e484b47-98c7-4205-8e06-2fd34e78910f"},{"type":"hierarchy","parent":"6539a4ef-64c1-46b5-b7e4-8068e704544d","child":"b9216e72-aa4a-446c-90c0-67b2f8811e7c"},{"type":"hierarchy","parent":"6ae73b2e-a39f-4af7-bce1-337913453c25","child":"a9e5b6d0-1902-4370-bc6b-99ccf30d54c2"},{"type":"hierarchy","parent":"d11c533a-79ad-401b-baf8-910b2e50bc84","child":"4ec69844-7560-4ad7-8dcd-39324305929f"},{"type":"hierarchy","parent":"d11c533a-79ad-401b-baf8-910b2e50bc84","child":"9b655985-97d0-4c52-bd12-770aa2eb0815"},{"type":"hierarchy","parent":"d11c533a-79ad-401b-baf8-910b2e50bc84","child":"580f61eb-ffdd-456f-bcbe-6011a899db70"},{"type":"hierarchy","parent":"17a8135f-8f20-415c-aa7e-69e4f2888f30","child":"05ddb8b1-55ec-4262-b1ca-ac0b1386d1b8"},{"type":"hierarchy","parent":"51872656-45d8-4620-b7d4-3403ec7968b4","child":"61216e63-3b7d-4723-bd50-f08a9a523635"},{"type":"hierarchy","parent":"61216e63-3b7d-4723-bd50-f08a9a523635","child":"3b9bfe92-942d-45a0-98e6-9720db7c7b22"},{"type":"hierarchy","parent":"16e97d80-c54a-4243-a533-4b1244950e5d","child":"f17a3597-9dab-4712-bbd4-95a1d443448f"},{"type":"hierarchy","parent":"f17a3597-9dab-4712-bbd4-95a1d443448f","child":"b46f1ab2-99f3-4ff1-a5eb-07cc74952b4e"},{"type":"hierarchy","parent":"f17a3597-9dab-4712-bbd4-95a1d443448f","child":"de6d37fe-95d5-4079-950e-b424292855ac"},{"type":"hierarchy","parent":"61216e63-3b7d-4723-bd50-f08a9a523635","child":"c6066241-eeae-46f4-9957-942bac0648af"},{"type":"hierarchy","parent":"d5e4fd50-6500-447e-9829-a6eed220a210","child":"de0fb3c1-35b9-41e6-92ac-7a54c3fbf79d"},{"type":"hierarchy","parent":"e9648716-bcdb-41e2-a880-297abedfc66c","child":"29df7c67-f511-4e14-b70d-49139e7d64e7"},{"type":"hierarchy","parent":"29df7c67-f511-4e14-b70d-49139e7d64e7","child":"ae9e4ec1-ac60-49c7-95a9-61a2c40d1f02"},{"type":"hierarchy","parent":"51872656-45d8-4620-b7d4-3403ec7968b4","child":"2429803a-398f-4832-ac7d-6ed8964dee09"},{"type":"hierarchy","parent":"2429803a-398f-4832-ac7d-6ed8964dee09","child":"92a281b1-d2ba-4aef-be35-d9be07e19ab3"},{"type":"hierarchy","parent":"92a281b1-d2ba-4aef-be35-d9be07e19ab3","child":"45d25420-2221-49eb-bba1-5c0315732eac"},{"type":"hierarchy","parent":"ddf62158-ae88-43fd-85da-e0de6fd80e07","child":"73128033-7e64-4cc7-bfb8-19fc373f6cdf"},{"type":"hierarchy","parent":"73128033-7e64-4cc7-bfb8-19fc373f6cdf","child":"d0cb11c6-cddc-46ae-b87a-dbb00b55c74d"},{"type":"hierarchy","parent":"2e4a29f4-debf-453e-aba3-e2d751ca1d17","child":"881d6b31-d9d4-4c0e-b045-9e17fd85490a"},{"type":"hierarchy","parent":"73128033-7e64-4cc7-bfb8-19fc373f6cdf","child":"0a26f524-73e3-4f91-a063-2bcdfb0d0baa"},{"type":"hierarchy","parent":"98a15734-5557-41ce-9be0-c42f02e56d15","child":"b7b92f89-e2a8-4fad-9fa5-632d1cb35f09"},{"type":"hierarchy","parent":"7aa312bd-81fc-4feb-be99-405ffd128cc4","child":"94b6f1e2-4ed6-40a4-8d29-b4b8dfd21167"},{"type":"hierarchy","parent":"6cddc1fa-d6f1-46ff-9164-bd1389752fb1","child":"f67bd747-f9ed-41e5-97ac-2d7dce524039"},{"type":"source","flow":"a76d4d2b-15ac-43a0-8fb8-e13738513236","source":"b856f074-48a6-4e81-a05c-e49ceafa6a6c"},{"type":"source","flow":"8b1e38fc-880d-4dc4-8813-1b74fcd30352","source":"cdde7d27-8640-43ef-a6f0-8172cdb3391e"},{"type":"source","flow":"bcab2111-baea-4db2-adb9-f594f23183b5","source":"ba774d4f-57d3-4f6d-b002-8a9b6940faad"},{"type":"source","flow":"274d5e03-c5b6-4902-beea-746f4da5ee12","source":"df17d1a1-83b7-40f8-8418-e4c7ac1b3381"},{"type":"source","flow":"bb68e44f-4187-4b65-b66e-ad29717d1a3c","source":"1e484b47-98c7-4205-8e06-2fd34e78910f"},{"type":"source","flow":"b4ce1ec4-c5b3-46cb-8755-1769ddb446c7","source":"b9216e72-aa4a-446c-90c0-67b2f8811e7c"},{"type":"source","flow":"b56bff21-ffc5-444d-9d9a-ae4b63b146f5","source":"9b655985-97d0-4c52-bd12-770aa2eb0815"},{"type":"source","flow":"0982847a-1c1b-42a0-816f-3830850e1cdf","source":"e363899c-96c0-4f8e-89fb-56a228a81101"},{"type":"source","flow":"e94f0b70-35b2-4f8c-9d18-b88408710300","source":"f3cb131b-5be3-462c-a244-6df481732515"},{"type":"source","flow":"2853045b-f11c-4f70-8d62-c7d5aa367fcb","source":"aa8c938c-96d2-40a2-81d4-bce78076084d"},{"type":"source","flow":"3b7d44a6-0c0e-4edc-8e24-ff57079e669a","source":"957b9093-c740-49b9-a032-52352078a3e8"},{"type":"source","flow":"bfabe401-2349-4c67-8c50-7dea80001193","source":"0b48c784-972f-4387-aac9-c02b879bc11a"},{"type":"source","flow":"5f1e97be-15a6-41b9-9753-56bf4acef5b4","source":"31084e3b-a64d-4bff-8d32-520d2e488d66"},{"type":"source","flow":"377672a4-d7e9-4aeb-b411-047132dc2f19","source":"db38d33f-a879-4908-ba65-a9719221a309"},{"type":"source","flow":"e0ee3ddc-4647-43c9-ac8d-14e25fc7b955","source":"ce75eaec-76c9-4feb-877d-8b5eaacdd2bf"},{"type":"source","flow":"639d7644-0a28-4f40-ad55-d5a936623b13","source":"d865e815-88e4-4ddd-a14d-3ca93a3fb1f8"},{"type":"source","flow":"48fcb73e-b89c-402a-8846-d4235fe619ea","source":"7a00d4f6-daba-4c15-8f7f-209be9769af7"},{"type":"source","flow":"b48b36da-e510-4a2a-b85b-d1fd160c4d75","source":"4a0e17b0-6e52-4e04-b541-04577f56b907"},{"type":"source","flow":"3970cec8-c42e-44f9-9118-6e5e7d79d65a","source":"6c13bb74-b3c9-4263-a7b6-e103904a9735"},{"type":"source","flow":"1744e780-4607-4863-bfb2-30910ab3cbf5","source":"a9e5b6d0-1902-4370-bc6b-99ccf30d54c2"},{"type":"source","flow":"2fc1cf60-f33a-4903-ae96-c256fa95f310","source":"4ec69844-7560-4ad7-8dcd-39324305929f"},{"type":"source","flow":"de90f27b-2a86-43b0-99d1-6ad6ac45a574","source":"580f61eb-ffdd-456f-bcbe-6011a899db70"},{"type":"source","flow":"487c438f-4ec8-4f24-8b80-82ce9121881e","source":"05ddb8b1-55ec-4262-b1ca-ac0b1386d1b8"},{"type":"source","flow":"e3e36e64-2fdc-4280-af97-4e963d7d0e9c","source":"b46f1ab2-99f3-4ff1-a5eb-07cc74952b4e"},{"type":"source","flow":"08954760-bcea-4aae-90fa-807681628365","source":"de6d37fe-95d5-4079-950e-b424292855ac"},{"type":"source","flow":"4caa1cdb-0d70-4038-89ea-b6becb30128d","source":"de0fb3c1-35b9-41e6-92ac-7a54c3fbf79d"},{"type":"source","flow":"cf2381dc-4dc1-4a30-b9b5-0ee83730b846","source":"3b9bfe92-942d-45a0-98e6-9720db7c7b22"},{"type":"source","flow":"c1f08b95-5020-49e5-a55d-9d11ce20bdfb","source":"c6066241-eeae-46f4-9957-942bac0648af"},{"type":"source","flow":"c2c611a5-d69f-4d04-b584-e67625730e31","source":"ae9e4ec1-ac60-49c7-95a9-61a2c40d1f02"},{"type":"source","flow":"3c4499c0-4f31-4982-a02f-e0d20fb5499e","source":"2ca1cbc8-05f2-488e-9b3c-768e4d8db5e7"},{"type":"source","flow":"62e90bac-1df0-4d61-80db-21f114702f10","source":"45d25420-2221-49eb-bba1-5c0315732eac"},{"type":"source","flow":"a4ccaf9a-f638-42ec-bea6-5a57a3ac1802","source":"d0cb11c6-cddc-46ae-b87a-dbb00b55c74d"},{"type":"source","flow":"d8844c09-c105-4940-bc61-5ec2fdc6e12e","source":"881d6b31-d9d4-4c0e-b045-9e17fd85490a"},{"type":"source","flow":"6f0ffa20-cf52-456c-9d5e-ffa71167dce8","source":"0a26f524-73e3-4f91-a063-2bcdfb0d0baa"},{"type":"source","flow":"815ca63c-3e85-48c9-b66f-a330a57911d3","source":"b7b92f89-e2a8-4fad-9fa5-632d1cb35f09"},{"type":"source","flow":"5c615e80-dd99-4909-a323-020c99e523d7","source":"94b6f1e2-4ed6-40a4-8d29-b4b8dfd21167"},{"type":"source","flow":"de992824-d165-4308-9507-64e75e08fb17","source":"f67bd747-f9ed-41e5-97ac-2d7dce524039"},{"type":"target","flow":"a76d4d2b-15ac-43a0-8fb8-e13738513236","target":"d21cc213-8161-4210-8ec9-43a9e8ee813b"},{"type":"target","flow":"8b1e38fc-880d-4dc4-8813-1b74fcd30352","target":"8a47aa8c-cda9-408e-ab54-d31576b30724"},{"type":"target","flow":"bcab2111-baea-4db2-adb9-f594f23183b5","target":"01a012ea-6064-4945-a699-afd29ed44e79"},{"type":"target","flow":"274d5e03-c5b6-4902-beea-746f4da5ee12","target":"dec0981c-2e0c-49a2-8824-2deda51b00a1"},{"type":"target","flow":"bb68e44f-4187-4b65-b66e-ad29717d1a3c","target":"6539a4ef-64c1-46b5-b7e4-8068e704544d"},{"type":"target","flow":"b4ce1ec4-c5b3-46cb-8755-1769ddb446c7","target":"8a47aa8c-cda9-408e-ab54-d31576b30724"},{"type":"target","flow":"b56bff21-ffc5-444d-9d9a-ae4b63b146f5","target":"3046eacd-1d18-410c-8348-b330309ab622"},{"type":"target","flow":"0982847a-1c1b-42a0-816f-3830850e1cdf","target":"01a012ea-6064-4945-a699-afd29ed44e79"},{"type":"target","flow":"e94f0b70-35b2-4f8c-9d18-b88408710300","target":"65f46b2b-72f0-4747-ac62-c8639a1e9202"},{"type":"target","flow":"2853045b-f11c-4f70-8d62-c7d5aa367fcb","target":"51e38c99-28d4-4eb3-9184-769effd7d2ee"},{"type":"target","flow":"3b7d44a6-0c0e-4edc-8e24-ff57079e669a","target":"8a47aa8c-cda9-408e-ab54-d31576b30724"},{"type":"target","flow":"bfabe401-2349-4c67-8c50-7dea80001193","target":"40426486-c031-4718-bade-253203cbaa94"},{"type":"target","flow":"5f1e97be-15a6-41b9-9753-56bf4acef5b4","target":"13a03343-f801-4cbf-bba7-73a2a8c52a17"},{"type":"target","flow":"377672a4-d7e9-4aeb-b411-047132dc2f19","target":"d4f51b98-7920-450f-9274-07eacf18d3a1"},{"type":"target","flow":"e0ee3ddc-4647-43c9-ac8d-14e25fc7b955","target":"8a47aa8c-cda9-408e-ab54-d31576b30724"},{"type":"target","flow":"639d7644-0a28-4f40-ad55-d5a936623b13","target":"98a15734-5557-41ce-9be0-c42f02e56d15"},{"type":"target","flow":"48fcb73e-b89c-402a-8846-d4235fe619ea","target":"3046eacd-1d18-410c-8348-b330309ab622"},{"type":"target","flow":"b48b36da-e510-4a2a-b85b-d1fd160c4d75","target":"3046eacd-1d18-410c-8348-b330309ab622"},{"type":"target","flow":"3970cec8-c42e-44f9-9118-6e5e7d79d65a","target":"35af14fb-87ca-42e6-b949-212e4c97eaf8"},{"type":"target","flow":"1744e780-4607-4863-bfb2-30910ab3cbf5","target":"8a47aa8c-cda9-408e-ab54-d31576b30724"},{"type":"target","flow":"2fc1cf60-f33a-4903-ae96-c256fa95f310","target":"6ae73b2e-a39f-4af7-bce1-337913453c25"},{"type":"target","flow":"de90f27b-2a86-43b0-99d1-6ad6ac45a574","target":"17a8135f-8f20-415c-aa7e-69e4f2888f30"},{"type":"target","flow":"487c438f-4ec8-4f24-8b80-82ce9121881e","target":"8a47aa8c-cda9-408e-ab54-d31576b30724"},{"type":"target","flow":"e3e36e64-2fdc-4280-af97-4e963d7d0e9c","target":"51872656-45d8-4620-b7d4-3403ec7968b4"},{"type":"target","flow":"08954760-bcea-4aae-90fa-807681628365","target":"d5e4fd50-6500-447e-9829-a6eed220a210"},{"type":"target","flow":"4caa1cdb-0d70-4038-89ea-b6becb30128d","target":"51872656-45d8-4620-b7d4-3403ec7968b4"},{"type":"target","flow":"cf2381dc-4dc1-4a30-b9b5-0ee83730b846","target":"16e97d80-c54a-4243-a533-4b1244950e5d"},{"type":"target","flow":"c1f08b95-5020-49e5-a55d-9d11ce20bdfb","target":"e9648716-bcdb-41e2-a880-297abedfc66c"},{"type":"target","flow":"c2c611a5-d69f-4d04-b584-e67625730e31","target":"35af14fb-87ca-42e6-b949-212e4c97eaf8"},{"type":"target","flow":"3c4499c0-4f31-4982-a02f-e0d20fb5499e","target":"92a281b1-d2ba-4aef-be35-d9be07e19ab3"},{"type":"target","flow":"62e90bac-1df0-4d61-80db-21f114702f10","target":"73128033-7e64-4cc7-bfb8-19fc373f6cdf"},{"type":"target","flow":"a4ccaf9a-f638-42ec-bea6-5a57a3ac1802","target":"51872656-45d8-4620-b7d4-3403ec7968b4"},{"type":"target","flow":"d8844c09-c105-4940-bc61-5ec2fdc6e12e","target":"51872656-45d8-4620-b7d4-3403ec7968b4"},{"type":"target","flow":"6f0ffa20-cf52-456c-9d5e-ffa71167dce8","target":"2e4a29f4-debf-453e-aba3-e2d751ca1d17"},{"type":"target","flow":"815ca63c-3e85-48c9-b66f-a330a57911d3","target":"3046eacd-1d18-410c-8348-b330309ab622"},{"type":"target","flow":"5c615e80-dd99-4909-a323-020c99e523d7","target":"6cddc1fa-d6f1-46ff-9164-bd1389752fb1"},{"type":"target","flow":"de992824-d165-4308-9507-64e75e08fb17","target":"26777a74-329f-4a19-a9b3-aeda9e959470"}],"statistics":{"session":{"started_at":"2024-10-25T15:45:46.854Z","ended_at":"2024-10-25T17:17:00.434Z"}}}