<?xml version = '1.0' encoding = 'UTF-8'?>
<Diagram class="oracle.dbtools.crest.swingui.logical.DPVLogical" name="Logical" id="1A8E1A7B-7620-F557-7785-6B873FF1BABA">
<createdBy>miguel</createdBy>
<modifiedBy>miguel</modifiedBy>
<createdTime>2023-10-06 14:12:37 UTC</createdTime>
<autoRoute>false</autoRoute>
<boxInbox>true</boxInbox>
<showLegend>false</showLegend>
<showLabels>true</showLabels>
<showRelAttributes>false</showRelAttributes>
<gridEnabled>false</gridEnabled>
<showGrid>false</showGrid>
<diagramColor>-1</diagramColor>
<display>false</display>
<notation>1</notation>
<objectViews>
<OView class="oracle.dbtools.crest.swingui.logical.TVEntity" oid="4CE8B2CF-1871-3856-6FF5-43F7124A3747" otype="Entity" vid="A968EB9E-9F63-CC3F-366E-7F9D8C8B4C40">
<hideElementsInCurrentOnly>false</hideElementsInCurrentOnly>
<bounds x="622" y="140" width="179" height="115"/>
</OView>
<OView class="oracle.dbtools.crest.swingui.logical.TVEntity" oid="570358E7-CA72-FB8E-AD29-C94DBD600B26" otype="Entity" vid="F8BD02F7-FF49-11B1-BDAB-B0D56496F9E1">
<hideElementsInCurrentOnly>false</hideElementsInCurrentOnly>
<bounds x="146" y="533" width="160" height="105"/>
</OView>
<OView class="oracle.dbtools.crest.swingui.logical.TVEntity" oid="B953A0E4-E55A-E7A1-E469-C8964A5F8DF7" otype="Entity" vid="8A4FF787-358B-EE0D-4DFE-5626234347B0">
<hideElementsInCurrentOnly>false</hideElementsInCurrentOnly>
<bounds x="621" y="533" width="172" height="119"/>
</OView>
<OView class="oracle.dbtools.crest.swingui.logical.TVEntity" oid="F7C4F6D0-C76A-1E24-E03C-6863D9ABCED4" otype="Entity" vid="7E0EBEB1-480E-4766-8E9A-6C3A2A1E2EBC">
<hideElementsInCurrentOnly>false</hideElementsInCurrentOnly>
<bounds x="138" y="84" width="213" height="211"/>
</OView>
</objectViews>
<connectors>
<Connector class="oracle.dbtools.crest.swingui.logical.TVRelation" oid="005066B5-A3CB-B2D5-4B12-C75F77A42745" otype="Relation" vid_source="8A4FF787-358B-EE0D-4DFE-5626234347B0" vid_target="F8BD02F7-FF49-11B1-BDAB-B0D56496F9E1">
<hideElementsInCurrentOnly>false</hideElementsInCurrentOnly>
<backgroundColor>-16777216</backgroundColor>
<lineWidth>1</lineWidth>
<sourceLabel class="oracle.dbtools.crest.model.design.Label">
<site>0</site>
<labelBounds x="571" y="540" width="44" height="30"/>
<noBackgroundColor>true</noBackgroundColor>
<noForegroundColor>true</noForegroundColor>
</sourceLabel>
<targetLabel class="oracle.dbtools.crest.model.design.Label">
<site>2</site>
<labelBounds x="316" y="573" width="71" height="30"/>
<noBackgroundColor>true</noBackgroundColor>
<noForegroundColor>true</noForegroundColor>
</targetLabel>
<points>
<point x="621" y="570"/>
<point x="306" y="563"/>
</points>
</Connector>
<Connector class="oracle.dbtools.crest.swingui.logical.TVRelation" oid="08F5B85E-8A76-70B7-DF93-5B26AAC7D51C" otype="Relation" vid_source="7E0EBEB1-480E-4766-8E9A-6C3A2A1E2EBC" vid_target="A968EB9E-9F63-CC3F-366E-7F9D8C8B4C40">
<hideElementsInCurrentOnly>false</hideElementsInCurrentOnly>
<backgroundColor>-16777216</backgroundColor>
<lineWidth>1</lineWidth>
<sourceLabel class="oracle.dbtools.crest.model.design.Label">
<site>0</site>
<labelBounds x="361" y="182" width="57" height="30"/>
<noBackgroundColor>true</noBackgroundColor>
<noForegroundColor>true</noForegroundColor>
</sourceLabel>
<targetLabel class="oracle.dbtools.crest.model.design.Label">
<site>2</site>
<labelBounds x="598" y="215" width="18" height="30"/>
<noBackgroundColor>true</noBackgroundColor>
<noForegroundColor>true</noForegroundColor>
</targetLabel>
<points>
<point x="351" y="212"/>
<point x="622" y="212"/>
</points>
</Connector>
<Connector class="oracle.dbtools.crest.swingui.logical.TVRelation" oid="29DAA55B-F329-C688-C8D9-67D528B873DC" otype="Relation" vid_source="7E0EBEB1-480E-4766-8E9A-6C3A2A1E2EBC" vid_target="8A4FF787-358B-EE0D-4DFE-5626234347B0">
<hideElementsInCurrentOnly>false</hideElementsInCurrentOnly>
<backgroundColor>-16777216</backgroundColor>
<lineWidth>1</lineWidth>
<sourceLabel class="oracle.dbtools.crest.model.design.Label">
<site>0</site>
<labelBounds x="361" y="282" width="40" height="30"/>
<noBackgroundColor>true</noBackgroundColor>
<noForegroundColor>true</noForegroundColor>
</sourceLabel>
<targetLabel class="oracle.dbtools.crest.model.design.Label">
<site>2</site>
<labelBounds x="638" y="497" width="44" height="30"/>
<noBackgroundColor>true</noBackgroundColor>
<noForegroundColor>true</noForegroundColor>
</targetLabel>
<points>
<point x="351" y="282"/>
<point x="615" y="533"/>
</points>
</Connector>
<Connector class="oracle.dbtools.crest.swingui.logical.TVRelation" oid="30DB5258-15BF-2ED8-1153-A81CDCAF0756" otype="Relation" vid_source="A968EB9E-9F63-CC3F-366E-7F9D8C8B4C40" vid_target="8A4FF787-358B-EE0D-4DFE-5626234347B0">
<hideElementsInCurrentOnly>false</hideElementsInCurrentOnly>
<backgroundColor>-16777216</backgroundColor>
<lineWidth>1</lineWidth>
<sourceLabel class="oracle.dbtools.crest.model.design.Label">
<site>0</site>
<labelBounds x="722" y="307" width="66" height="30"/>
<noBackgroundColor>true</noBackgroundColor>
<noForegroundColor>true</noForegroundColor>
</sourceLabel>
<targetLabel class="oracle.dbtools.crest.model.design.Label">
<site>2</site>
<labelBounds x="722" y="473" width="71" height="30"/>
<noBackgroundColor>true</noBackgroundColor>
<noForegroundColor>true</noForegroundColor>
</targetLabel>
<points>
<point x="722" y="255"/>
<point x="722" y="533"/>
</points>
</Connector>
<Connector class="oracle.dbtools.crest.swingui.logical.TVRelation" oid="A9EAFCD1-A10C-DDA3-D967-A909736EFF32" otype="Relation" vid_source="8A4FF787-358B-EE0D-4DFE-5626234347B0" vid_target="F8BD02F7-FF49-11B1-BDAB-B0D56496F9E1">
<hideElementsInCurrentOnly>false</hideElementsInCurrentOnly>
<backgroundColor>-16777216</backgroundColor>
<lineWidth>1</lineWidth>
<points>
<point x="621" y="585"/>
<point x="306" y="578"/>
</points>
</Connector>
<Connector class="oracle.dbtools.crest.swingui.logical.TVRelation" oid="ACD39E29-66C8-1CE7-6127-45DE89A13CB4" otype="Relation" vid_source="8A4FF787-358B-EE0D-4DFE-5626234347B0" vid_target="8A4FF787-358B-EE0D-4DFE-5626234347B0">
<hideElementsInCurrentOnly>false</hideElementsInCurrentOnly>
<backgroundColor>-16777216</backgroundColor>
<lineWidth>1</lineWidth>
<sourceLabel class="oracle.dbtools.crest.model.design.Label">
<site>0</site>
<labelBounds x="843" y="588" width="66" height="30"/>
<noBackgroundColor>true</noBackgroundColor>
<noForegroundColor>true</noForegroundColor>
</sourceLabel>
<targetLabel class="oracle.dbtools.crest.model.design.Label">
<site>2</site>
<labelBounds x="722" y="689" width="64" height="30"/>
<noBackgroundColor>true</noBackgroundColor>
<noForegroundColor>true</noForegroundColor>
</targetLabel>
<points>
<point x="793" y="603"/>
<point x="843" y="603"/>
<point x="843" y="702"/>
<point x="722" y="702"/>
<point x="722" y="652"/>
</points>
</Connector>
<Connector class="oracle.dbtools.crest.swingui.logical.TVRelation" oid="C9D765BA-170B-DC89-0E21-51553C013FD1" otype="Relation" vid_source="7E0EBEB1-480E-4766-8E9A-6C3A2A1E2EBC" vid_target="A968EB9E-9F63-CC3F-366E-7F9D8C8B4C40">
<hideElementsInCurrentOnly>false</hideElementsInCurrentOnly>
<backgroundColor>-16777216</backgroundColor>
<lineWidth>1</lineWidth>
<sourceLabel class="oracle.dbtools.crest.model.design.Label">
<site>0</site>
<labelBounds x="361" y="197" width="76" height="30"/>
<noBackgroundColor>true</noBackgroundColor>
<noForegroundColor>true</noForegroundColor>
</sourceLabel>
<targetLabel class="oracle.dbtools.crest.model.design.Label">
<site>2</site>
<labelBounds x="598" y="230" width="18" height="30"/>
<noBackgroundColor>true</noBackgroundColor>
<noForegroundColor>true</noForegroundColor>
</targetLabel>
<points>
<point x="351" y="227"/>
<point x="622" y="227"/>
</points>
</Connector>
<Connector class="oracle.dbtools.crest.swingui.logical.TVRelation" oid="F6069ECF-85DB-2E5B-825D-4FE4F1FAB210" otype="Relation" vid_source="7E0EBEB1-480E-4766-8E9A-6C3A2A1E2EBC" vid_target="F8BD02F7-FF49-11B1-BDAB-B0D56496F9E1">
<hideElementsInCurrentOnly>false</hideElementsInCurrentOnly>
<backgroundColor>-16777216</backgroundColor>
<lineWidth>1</lineWidth>
<sourceLabel class="oracle.dbtools.crest.model.design.Label">
<site>0</site>
<labelBounds x="226" y="355" width="39" height="30"/>
<noBackgroundColor>true</noBackgroundColor>
<noForegroundColor>true</noForegroundColor>
</sourceLabel>
<targetLabel class="oracle.dbtools.crest.model.design.Label">
<site>2</site>
<labelBounds x="226" y="497" width="63" height="30"/>
<noBackgroundColor>true</noBackgroundColor>
<noForegroundColor>true</noForegroundColor>
</targetLabel>
<points>
<point x="226" y="295"/>
<point x="226" y="533"/>
</points>
</Connector>
</connectors>
</Diagram>
