<?xml version = '1.0' encoding = 'UTF-8'?>
<SegmentOraclev10g class="oracle.dbtools.crest.model.design.storage.oracle.v10g.SegmentOraclev10g" name="Storage1" directorySegmentName="seg_0" id="5C1D1CB4-14EF-FC27-5059-B8CB60BCAF33">
<createdBy>miguel</createdBy>
<createdTime>2023-10-25 09:38:05 UTC</createdTime>
<ownerDesignName>paginas_y_documentos</ownerDesignName>
<maxTrans>255</maxTrans>
<scInitialExtent>65536</scInitialExtent>
<scMaxExtents>2147483645</scMaxExtents>
<scNextExtent>1048576</scNextExtent>
</SegmentOraclev10g>