<?xml version = '1.0' encoding = 'UTF-8'?>
<SegmentOraclev10g class="oracle.dbtools.crest.model.design.storage.oracle.v10g.SegmentOraclev10g" name="Storage6" directorySegmentName="seg_0" id="5EB140A3-4F16-1F17-65A6-23505D0C696B">
<createdBy>miguel</createdBy>
<createdTime>2023-10-25 09:38:05 UTC</createdTime>
<ownerDesignName>paginas_y_documentos</ownerDesignName>
<initrans>2</initrans>
<maxTrans>255</maxTrans>
<scInitialExtent>65536</scInitialExtent>
<scMaxExtents>2147483645</scMaxExtents>
<scNextExtent>1048576</scNextExtent>
</SegmentOraclev10g>