<?xml version = '1.0' encoding = 'UTF-8'?>
<TableProxyOraclev12c class="oracle.dbtools.crest.model.design.storage.oracle.v12c.TableProxyOraclev12c" name="TRAMO" directorySegmentName="seg_0" id="07E19DF4-CA1A-6941-EBCA-EB6E3B08BDF9">
<createdBy>miguel</createdBy>
<createdTime>2023-10-04 12:04:33 UTC</createdTime>
<ownerDesignName>motogp</ownerDesignName>
<logging>YES</logging>
<partitionedRowMovement>DISABLE</partitionedRowMovement>
<temporaryChanged>false</temporaryChanged>
<accessDriverType>oracle_loader</accessDriverType>
<rejectLimit></rejectLimit>
<columnProxies itemClass="oracle.dbtools.crest.model.design.storage.oracle.v12c.ColumnProxyOraclev12c">
<ColumnProxy name="CIRCUITO_nombre" id="00C8A46C-CC72-856A-8E15-E3EE2B5E0B04">
<createdBy>miguel</createdBy>
<createdTime>2023-10-04 12:04:33 UTC</createdTime>
<ownerDesignName>motogp</ownerDesignName>
</ColumnProxy>
<ColumnProxy name="diferencia_altura" id="4D0C20DC-3E65-5ADF-E274-96C78084A2E1">
<createdBy>miguel</createdBy>
<createdTime>2023-10-04 12:04:33 UTC</createdTime>
<ownerDesignName>motogp</ownerDesignName>
</ColumnProxy>
<ColumnProxy name="tipo_asfalto" id="5166965F-BF3D-9A28-7613-DF14AD50F704">
<createdBy>miguel</createdBy>
<createdTime>2023-10-04 12:04:33 UTC</createdTime>
<ownerDesignName>motogp</ownerDesignName>
</ColumnProxy>
<ColumnProxy name="velocidad_meida" id="AC9E1440-1D62-0FCB-746E-885ECA368573">
<createdBy>miguel</createdBy>
<createdTime>2023-10-04 12:04:33 UTC</createdTime>
<ownerDesignName>motogp</ownerDesignName>
</ColumnProxy>
<ColumnProxy name="codigo" id="DD09D7CB-EB1C-5ACD-3275-C11704AE0F29">
<createdBy>miguel</createdBy>
<createdTime>2023-10-04 12:04:33 UTC</createdTime>
<ownerDesignName>motogp</ownerDesignName>
</ColumnProxy>
</columnProxies>
<foreignKeys>
<ForeignKey class="oracle.dbtools.crest.model.design.storage.oracle.v10g.FKProxyOraclev10g" name="TRAMO_CIRCUITO_FK" id="E693F408-DB60-95AF-8F92-7E37FE2CAF48">
<createdBy>miguel</createdBy>
<createdTime>2023-10-04 12:04:33 UTC</createdTime>
<ownerDesignName>motogp</ownerDesignName>
</ForeignKey>
</foreignKeys>
<primaryKeys>
<PrimaryKey class="oracle.dbtools.crest.model.design.storage.oracle.v10g.PKProxyOraclev10g" name="TRAMO_PK" id="95E3BA77-F1E4-92AD-C3DE-6CE83BC82248">
<createdBy>miguel</createdBy>
<createdTime>2023-10-04 12:04:33 UTC</createdTime>
<ownerDesignName>motogp</ownerDesignName>
<indexSort>SORTED</indexSort>
</PrimaryKey>
</primaryKeys>
</TableProxyOraclev12c>
