<?xml version = '1.0' encoding = 'UTF-8'?>
<TableProxyOraclev12c class="oracle.dbtools.crest.model.design.storage.oracle.v12c.TableProxyOraclev12c" name="PILOTO_PILOTO" directorySegmentName="seg_0" id="48676C2A-38C3-3D2F-ED9F-BE6BBBDC6978">
<createdBy>miguel</createdBy>
<createdTime>2023-10-04 12:30:45 UTC</createdTime>
<ownerDesignName>motogp</ownerDesignName>
<logging>YES</logging>
<partitionedRowMovement>DISABLE</partitionedRowMovement>
<temporaryChanged>false</temporaryChanged>
<accessDriverType>oracle_loader</accessDriverType>
<rejectLimit></rejectLimit>
<columnProxies itemClass="oracle.dbtools.crest.model.design.storage.oracle.v12c.ColumnProxyOraclev12c">
<ColumnProxy name="PILOTO_NOMBRE1" id="0725AB50-C731-7FEE-3E5E-EEC3CBEF07A4">
<createdBy>miguel</createdBy>
<createdTime>2023-10-04 12:30:45 UTC</createdTime>
<ownerDesignName>motogp</ownerDesignName>
</ColumnProxy>
<ColumnProxy name="PILOTO_NOMBRE" id="86F2C496-3EEC-0AD5-E8A7-775D4E20A791">
<createdBy>miguel</createdBy>
<createdTime>2023-10-04 12:30:45 UTC</createdTime>
<ownerDesignName>motogp</ownerDesignName>
</ColumnProxy>
</columnProxies>
<foreignKeys>
<ForeignKey class="oracle.dbtools.crest.model.design.storage.oracle.v10g.FKProxyOraclev10g" name="Relation_8_PILOTO_FK" id="B3B7596F-4FF6-1395-CD0A-E1543B9110BE">
<createdBy>miguel</createdBy>
<createdTime>2023-10-04 12:30:45 UTC</createdTime>
<ownerDesignName>motogp</ownerDesignName>
</ForeignKey>
<ForeignKey class="oracle.dbtools.crest.model.design.storage.oracle.v10g.FKProxyOraclev10g" name="Relation_8_PILOTO_FKv1" id="B41DB659-B09F-C1FF-66A3-5BB6A45996E1">
<createdBy>miguel</createdBy>
<createdTime>2023-10-04 12:30:45 UTC</createdTime>
<ownerDesignName>motogp</ownerDesignName>
</ForeignKey>
</foreignKeys>
<primaryKeys>
<PrimaryKey class="oracle.dbtools.crest.model.design.storage.oracle.v10g.PKProxyOraclev10g" name="Relation_8_PK" id="354A3D2D-B5D5-29F4-C456-FD9FA5BFDFBB">
<createdBy>miguel</createdBy>
<createdTime>2023-10-04 12:30:45 UTC</createdTime>
<ownerDesignName>motogp</ownerDesignName>
<indexSort>SORTED</indexSort>
</PrimaryKey>
</primaryKeys>
</TableProxyOraclev12c>
