<?xml version = '1.0' encoding = 'UTF-8'?>
<TableProxyOraclev12c class="oracle.dbtools.crest.model.design.storage.oracle.v12c.TableProxyOraclev12c" name="ACTO_PILOTO" directorySegmentName="seg_0" id="67A1E825-C44F-7781-340B-1BEEC9204EF9">
<createdBy>miguel</createdBy>
<createdTime>2023-10-04 10:08:36 UTC</createdTime>
<ownerDesignName>motogp</ownerDesignName>
<schemaObject>C65BAAFF-E1C0-89A5-9E39-3C8FD4C7CCA2</schemaObject>
<logging>YES</logging>
<partitionedRowMovement>DISABLE</partitionedRowMovement>
<segment>A058BF6F-3603-B6DC-C02C-FE8FD1F44AC6</segment>
<tableSpace>5D5CFB4E-538B-2FC1-8F3A-CEDD774E2899</tableSpace>
<temporaryChanged>false</temporaryChanged>
<accessDriverType>oracle_loader</accessDriverType>
<rejectLimit></rejectLimit>
<inMemory>NO</inMemory>
<columnProxies itemClass="oracle.dbtools.crest.model.design.storage.oracle.v12c.ColumnProxyOraclev12c">
<ColumnProxy name="ACTO_PUBLICO_FECHA" id="CC62623F-EAAF-F767-5F36-1EB3671DB680">
<createdBy>miguel</createdBy>
<createdTime>2023-10-04 10:08:36 UTC</createdTime>
<ownerDesignName>motogp</ownerDesignName>
</ColumnProxy>
<ColumnProxy name="PILOTO_NOMBRE" id="E1F3A26F-9B2E-0612-E426-21AD8422D286">
<createdBy>miguel</createdBy>
<createdTime>2023-10-04 10:08:36 UTC</createdTime>
<ownerDesignName>motogp</ownerDesignName>
</ColumnProxy>
</columnProxies>
<indexProxies>
<IndexProxy class="oracle.dbtools.crest.model.design.storage.oracle.v10g.IndexProxyOraclev10g" name="ACTO_PILOTO_PK" id="28142C0D-06C3-3B3C-B2D2-33BD0FAE8AAD">
<createdBy>miguel</createdBy>
<createdTime>2023-10-04 10:08:36 UTC</createdTime>
<ownerDesignName>motogp</ownerDesignName>
<schemaObject>C65BAAFF-E1C0-89A5-9E39-3C8FD4C7CCA2</schemaObject>
<segment>CA135505-2D84-6092-FD4C-FB086BD35AC5</segment>
<tableSpace>5D5CFB4E-538B-2FC1-8F3A-CEDD774E2899</tableSpace>
</IndexProxy>
</indexProxies>
<foreignKeys>
<ForeignKey class="oracle.dbtools.crest.model.design.storage.oracle.v10g.FKProxyOraclev10g" name="ACTO_PILOTO_PILOTO_FK" id="4FEF1C2B-36B8-EB02-8305-269FA4A31B48">
<createdBy>miguel</createdBy>
<createdTime>2023-10-04 10:08:37 UTC</createdTime>
<ownerDesignName>motogp</ownerDesignName>
</ForeignKey>
<ForeignKey class="oracle.dbtools.crest.model.design.storage.oracle.v10g.FKProxyOraclev10g" name="ACTO_PILOTO_ACTO_PUBLICO_FK" id="C4DEBE37-E732-3AF8-A794-E346671E0A92">
<createdBy>miguel</createdBy>
<createdTime>2023-10-04 10:08:37 UTC</createdTime>
<ownerDesignName>motogp</ownerDesignName>
</ForeignKey>
</foreignKeys>
<primaryKeys>
<PrimaryKey class="oracle.dbtools.crest.model.design.storage.oracle.v10g.PKProxyOraclev10g" name="ACTO_PILOTO_PK" id="6D8BC2D0-D1D6-ADD6-03C1-F5D0F2BADD6F">
<createdBy>miguel</createdBy>
<createdTime>2023-10-04 10:08:37 UTC</createdTime>
<ownerDesignName>motogp</ownerDesignName>
<segment>CA135505-2D84-6092-FD4C-FB086BD35AC5</segment>
<tableSpace>5D5CFB4E-538B-2FC1-8F3A-CEDD774E2899</tableSpace>
<existingIndex>28142C0D-06C3-3B3C-B2D2-33BD0FAE8AAD</existingIndex>
<indexSegment>CA135505-2D84-6092-FD4C-FB086BD35AC5</indexSegment>
<indexSort>SORTED</indexSort>
<usingIndex>BY INDEX NAME</usingIndex>
</PrimaryKey>
</primaryKeys>
</TableProxyOraclev12c>
