<?xml version = '1.0' encoding = 'UTF-8'?>
<TableProxyOraclev12c class="oracle.dbtools.crest.model.design.storage.oracle.v12c.TableProxyOraclev12c" name="OFICIAL" directorySegmentName="seg_0" id="9DEAA77C-8CE0-394F-B669-7652ABEF8262">
<createdBy>miguel</createdBy>
<createdTime>2023-10-04 12:30:45 UTC</createdTime>
<ownerDesignName>motogp</ownerDesignName>
<logging>YES</logging>
<partitionedRowMovement>DISABLE</partitionedRowMovement>
<temporaryChanged>false</temporaryChanged>
<accessDriverType>oracle_loader</accessDriverType>
<rejectLimit></rejectLimit>
<columnProxies itemClass="oracle.dbtools.crest.model.design.storage.oracle.v12c.ColumnProxyOraclev12c">
<ColumnProxy name="año_creación" id="36D6881D-0E1B-BAF7-41C6-7FF5BE877F7A">
<createdBy>miguel</createdBy>
<createdTime>2023-10-04 12:30:45 UTC</createdTime>
<ownerDesignName>motogp</ownerDesignName>
</ColumnProxy>
<ColumnProxy name="presupuesto" id="5F08055C-2D40-92DB-D2BD-2BB7B3BB1D11">
<createdBy>miguel</createdBy>
<createdTime>2023-10-04 12:30:45 UTC</createdTime>
<ownerDesignName>motogp</ownerDesignName>
</ColumnProxy>
<ColumnProxy name="nombre" id="71DA05FB-01E1-3F51-FF8A-B1146D0F877B">
<createdBy>miguel</createdBy>
<createdTime>2023-10-04 12:30:45 UTC</createdTime>
<ownerDesignName>motogp</ownerDesignName>
</ColumnProxy>
<ColumnProxy name="direccion_fabrica" id="D2142B96-A312-5530-8B6D-C2A3BE52E338">
<createdBy>miguel</createdBy>
<createdTime>2023-10-04 12:30:45 UTC</createdTime>
<ownerDesignName>motogp</ownerDesignName>
</ColumnProxy>
</columnProxies>
<foreignKeys>
<ForeignKey class="oracle.dbtools.crest.model.design.storage.oracle.v10g.FKProxyOraclev10g" name="OFICIAL_EQUIPO_FK" id="A4DD4451-6B71-A591-24E2-738DD12C0322">
<createdBy>miguel</createdBy>
<createdTime>2023-10-04 12:30:45 UTC</createdTime>
<ownerDesignName>motogp</ownerDesignName>
</ForeignKey>
</foreignKeys>
<primaryKeys>
<PrimaryKey class="oracle.dbtools.crest.model.design.storage.oracle.v10g.PKProxyOraclev10g" name="OFICIAL_PK" id="709D8CED-8D18-5906-9005-3F6A7F7EA51C">
<createdBy>miguel</createdBy>
<createdTime>2023-10-04 12:30:45 UTC</createdTime>
<ownerDesignName>motogp</ownerDesignName>
<indexSort>SORTED</indexSort>
</PrimaryKey>
</primaryKeys>
</TableProxyOraclev12c>
