[
            {
                "titulo": "1984",
                "autor": "George Orwell",
                "genero": "Ciencia Ficción",
                "año_publicacion": 1949,
                "isbn": "978-0451524935",
                "editorial": "Signet Classics",
                "paginas": 328,
                "precio": 12.99,
                "stock": 5,
                "disponible": true,
                "tags": ["distopía", "política", "clásico"],
                "fecha_ingreso": new Date(2023, 1, 15),
                "categoria_id": 1
            },
            {
                "titulo": "Cien años de soledad",
                "autor": "Gabriel García Márquez", 
                "genero": "Realismo Mágico",
                "año_publicacion": 1967,
                "isbn": "978-0307474728",
                "editorial": "Penguin Random House",
                "paginas": 417,
                "precio": 15.50,
                "stock": 3,
                "disponible": true,
                "tags": ["realismo mágico", "latinoamericano", "clásico"],
                "fecha_ingreso": new Date(2023, 2, 20),
                "categoria_id": 2
            },
            {
                "titulo": "Python Crash Course",
                "autor": "Eric Matthes",
                "genero": "Programación",
                "año_publicacion": 2019,
                "isbn": "978-1593279288",
                "editorial": "No Starch Press",
                "paginas": 544,
                "precio": 39.99,
                "stock": 8,
                "disponible": true,
                "tags": ["python", "programación", "aprendizaje"],
                "fecha_ingreso": new Date(2023, 3, 10),
                "categoria_id": 3
            },
            {
                "titulo": "El Principito",
                "autor": "Antoine de Saint-Exupéry",
                "genero": "Literatura Infantil",
                "año_publicacion": 1943,
                "isbn": "978-0156012195",
                "editorial": "Harcourt Brace",
                "paginas": 96,
                "precio": 9.99,
                "stock": 0,
                "disponible": false,
                "tags": ["infantil", "filosofía", "clásico"],
                "fecha_ingreso": new Date(2023, 1, 5),
                "categoria_id": 2
            },
            {
                "titulo": "Clean Code",
                "autor": "Robert C. Martin",
                "genero": "Programación",
                "año_publicacion": 2008,
                "isbn": "978-0132350884",
                "editorial": "Prentice Hall",
                "paginas": 464,
                "precio": 47.99,
                "stock": 6,
                "disponible": true,
                "tags": ["programación", "calidad", "best practices"],
                "fecha_ingreso": new Date(2023, 4, 15),
                "categoria_id": 3
            }
        ]