<?xml version = '1.0' encoding = 'UTF-8'?>
<FKIndexAssociation class="oracle.dbtools.crest.model.design.relational.FKIndexAssociation" directorySegmentName="seg_0" id="3107E9ED-20F3-6713-B1BA-E8570D523C04" containerWithKeyObject="7D84027B-2B4B-DC3C-9318-CA3B40D662B5" localFKIndex="FAB34A57-9DE6-AE01-DF79-2A88F4AA13D9" name="Relation_13_USUARIO_FK">
<createdBy>miguel</createdBy>
<createdTime>2023-10-06 15:18:33 UTC</createdTime>
<generatorID>29DAA55B-F329-C688-C8D9-67D528B873DC</generatorID>
<ownerDesignName>foro</ownerDesignName>
<referredTableLongName>USUARIO</referredTableLongName>
<deleteRule>NO ACTION</deleteRule>
<referredTableID>2ACB6A56-01A2-009E-8EAC-21F7CD37E9CD</referredTableID>
<keyObject>A5449263-A2F6-2EB0-3C0B-C93F6DA40994</keyObject>
<referredKeyID>A5449263-A2F6-2EB0-3C0B-C93F6DA40994</referredKeyID>
<mandatory>true</mandatory>
<refColNames>codigo</refColNames>
<transferable>true</transferable>
<rely>false</rely>
<columnDependencyConstraintGenerateInDDL>true</columnDependencyConstraintGenerateInDDL>
</FKIndexAssociation>
