<?xml version = '1.0' encoding = 'UTF-8'?>
<relationalModel class="oracle.dbtools.crest.model.design.relational.RelationalDesign" name="Relational_1" id="D84D5CEE-579D-672D-4963-1D1D5B31FEA0" mainViewID="208CA282-51F6-B907-3E93-F2318ECD2B60">
<createdBy>miguel</createdBy>
<createdTime>2023-10-22 17:13:20 UTC</createdTime>
<ownerDesignName>vuelos</ownerDesignName>
<shouldBeOpen>false</shouldBeOpen>
<selectedRDBMSSite>79C73AAF-E1A7-E669-7DF0-025EE81A2AFC</selectedRDBMSSite>
<importConnectionStamps>
<importConnectionStamp class="oracle.dbtools.crest.imports.DBConnectionStamp">
<connName>afrodita</connName>
<connUser>UBD4432</connUser>
<connType>1</connType>
</importConnectionStamp>
</importConnectionStamps>
</relationalModel>