<?xml version = '1.0' encoding = 'UTF-8'?>
<TableProxyOraclev12c class="oracle.dbtools.crest.model.design.storage.oracle.v12c.TableProxyOraclev12c" name="HABITA" directorySegmentName="seg_0" id="262A04FC-E411-B2EF-86F5-99366A86160A">
<createdBy>miguel</createdBy>
<createdTime>2023-10-22 17:14:12 UTC</createdTime>
<ownerDesignName>vuelos</ownerDesignName>
<schemaObject>32D4ADDF-0667-287D-C6E9-58B94602981C</schemaObject>
<logging>YES</logging>
<partitionedRowMovement>DISABLE</partitionedRowMovement>
<segment>54D37EEF-5CCE-9229-91AC-663FE700DE16</segment>
<tableSpace>B7A7F391-E758-E68D-88E8-E40D3BCF5161</tableSpace>
<temporaryChanged>false</temporaryChanged>
<accessDriverType>oracle_loader</accessDriverType>
<rejectLimit></rejectLimit>
<inMemory>NO</inMemory>
<columnProxies itemClass="oracle.dbtools.crest.model.design.storage.oracle.v12c.ColumnProxyOraclev12c">
<ColumnProxy name="CODIGO_PLANETA" id="661DE94E-6877-4872-830D-A0D5441DC7E0">
<createdBy>miguel</createdBy>
<createdTime>2023-10-22 17:14:12 UTC</createdTime>
<ownerDesignName>vuelos</ownerDesignName>
</ColumnProxy>
<ColumnProxy name="CODIGO_ESPECIE" id="E7433CC6-6A07-660D-3B7C-55843ADC41D8">
<createdBy>miguel</createdBy>
<createdTime>2023-10-22 17:14:12 UTC</createdTime>
<ownerDesignName>vuelos</ownerDesignName>
</ColumnProxy>
</columnProxies>
<indexProxies>
<IndexProxy class="oracle.dbtools.crest.model.design.storage.oracle.v10g.IndexProxyOraclev10g" name="HABITA_PK" id="7A8B6FC7-284C-0DCD-7C16-289BA0D286B3">
<createdBy>miguel</createdBy>
<createdTime>2023-10-22 17:14:12 UTC</createdTime>
<ownerDesignName>vuelos</ownerDesignName>
<schemaObject>32D4ADDF-0667-287D-C6E9-58B94602981C</schemaObject>
<segment>222FE3FB-1E61-D476-60C5-84FED8FAC72B</segment>
<tableSpace>B7A7F391-E758-E68D-88E8-E40D3BCF5161</tableSpace>
</IndexProxy>
</indexProxies>
<foreignKeys>
<ForeignKey class="oracle.dbtools.crest.model.design.storage.oracle.v10g.FKProxyOraclev10g" name="COD_PLANETA" id="9F1AE78F-474F-3E05-A092-264AD88289D3">
<createdBy>miguel</createdBy>
<createdTime>2023-10-22 17:14:13 UTC</createdTime>
<ownerDesignName>vuelos</ownerDesignName>
</ForeignKey>
<ForeignKey class="oracle.dbtools.crest.model.design.storage.oracle.v10g.FKProxyOraclev10g" name="COD_ESPECIE" id="F734E5C3-36BB-B4EC-582D-0D4CC5FA7C24">
<createdBy>miguel</createdBy>
<createdTime>2023-10-22 17:14:13 UTC</createdTime>
<ownerDesignName>vuelos</ownerDesignName>
</ForeignKey>
</foreignKeys>
<primaryKeys>
<PrimaryKey class="oracle.dbtools.crest.model.design.storage.oracle.v10g.PKProxyOraclev10g" name="HABITA_PK" id="07D90B4A-E8A7-50E8-F3B9-F9C134A65A25">
<createdBy>miguel</createdBy>
<createdTime>2023-10-22 17:14:13 UTC</createdTime>
<ownerDesignName>vuelos</ownerDesignName>
<segment>222FE3FB-1E61-D476-60C5-84FED8FAC72B</segment>
<tableSpace>B7A7F391-E758-E68D-88E8-E40D3BCF5161</tableSpace>
<existingIndex>7A8B6FC7-284C-0DCD-7C16-289BA0D286B3</existingIndex>
<indexSegment>222FE3FB-1E61-D476-60C5-84FED8FAC72B</indexSegment>
<indexSort>SORTED</indexSort>
<usingIndex>BY INDEX NAME</usingIndex>
</PrimaryKey>
</primaryKeys>
</TableProxyOraclev12c>