<?xml version = '1.0' encoding = 'UTF-8'?>
<TableProxyOraclev12c class="oracle.dbtools.crest.model.design.storage.oracle.v12c.TableProxyOraclev12c" name="INTELIGENTES" directorySegmentName="seg_0" id="28025B3E-9C48-9834-B2AF-97D29D0C2411">
<createdBy>miguel</createdBy>
<createdTime>2023-10-22 17:14:12 UTC</createdTime>
<ownerDesignName>vuelos</ownerDesignName>
<schemaObject>32D4ADDF-0667-287D-C6E9-58B94602981C</schemaObject>
<logging>YES</logging>
<partitionedRowMovement>DISABLE</partitionedRowMovement>
<segment>589CFD07-B917-7EE0-8F66-E97019CF81C9</segment>
<tableSpace>B7A7F391-E758-E68D-88E8-E40D3BCF5161</tableSpace>
<temporaryChanged>false</temporaryChanged>
<accessDriverType>oracle_loader</accessDriverType>
<rejectLimit></rejectLimit>
<inMemory>NO</inMemory>
<columnProxies itemClass="oracle.dbtools.crest.model.design.storage.oracle.v12c.ColumnProxyOraclev12c">
<ColumnProxy name="PROVIENE_DE" id="1F783596-A872-2B4E-2C3E-8C4F889E5A76">
<createdBy>miguel</createdBy>
<createdTime>2023-10-22 17:14:12 UTC</createdTime>
<ownerDesignName>vuelos</ownerDesignName>
</ColumnProxy>
<ColumnProxy name="LENGUA" id="20360C86-3FBE-3DE9-892C-8E925494F04C">
<createdBy>miguel</createdBy>
<createdTime>2023-10-22 17:14:12 UTC</createdTime>
<ownerDesignName>vuelos</ownerDesignName>
</ColumnProxy>
<ColumnProxy name="DOMINA_EN" id="44CEF7CD-1B9D-A4A0-D01C-321527616BCE">
<createdBy>miguel</createdBy>
<createdTime>2023-10-22 17:14:12 UTC</createdTime>
<ownerDesignName>vuelos</ownerDesignName>
</ColumnProxy>
<ColumnProxy name="ORDEN_SOCIAL" id="7A860F12-02F7-BF29-F3A8-8E16B0A7EA39">
<createdBy>miguel</createdBy>
<createdTime>2023-10-22 17:14:12 UTC</createdTime>
<ownerDesignName>vuelos</ownerDesignName>
</ColumnProxy>
<ColumnProxy name="PINTURA" id="9332AC96-B852-0A71-AF98-62FB171DA5EE">
<createdBy>miguel</createdBy>
<createdTime>2023-10-22 17:14:12 UTC</createdTime>
<ownerDesignName>vuelos</ownerDesignName>
</ColumnProxy>
<ColumnProxy name="ESPECIE" id="BE72E56A-C472-386F-88A3-F5EF3C7595E0">
<createdBy>miguel</createdBy>
<createdTime>2023-10-22 17:14:12 UTC</createdTime>
<ownerDesignName>vuelos</ownerDesignName>
</ColumnProxy>
<ColumnProxy name="ESCRITURA" id="CD15341B-C8AF-A15A-1E6E-76B36334671D">
<createdBy>miguel</createdBy>
<createdTime>2023-10-22 17:14:12 UTC</createdTime>
<ownerDesignName>vuelos</ownerDesignName>
</ColumnProxy>
</columnProxies>
<indexProxies>
<IndexProxy class="oracle.dbtools.crest.model.design.storage.oracle.v10g.IndexProxyOraclev10g" name="INTELIGENTES_PK" id="65FDC023-72D5-0A76-F37B-2667B4B0E406">
<createdBy>miguel</createdBy>
<createdTime>2023-10-22 17:14:12 UTC</createdTime>
<ownerDesignName>vuelos</ownerDesignName>
<schemaObject>32D4ADDF-0667-287D-C6E9-58B94602981C</schemaObject>
<segment>0F35CE34-1B7A-2B31-B23F-9B6A227968E0</segment>
<tableSpace>B7A7F391-E758-E68D-88E8-E40D3BCF5161</tableSpace>
</IndexProxy>
</indexProxies>
<foreignKeys>
<ForeignKey class="oracle.dbtools.crest.model.design.storage.oracle.v10g.FKProxyOraclev10g" name="PROVIENE_DE" id="334F7977-2B27-BCA8-E231-CBA6803BE773">
<createdBy>miguel</createdBy>
<createdTime>2023-10-22 17:14:13 UTC</createdTime>
<ownerDesignName>vuelos</ownerDesignName>
</ForeignKey>
<ForeignKey class="oracle.dbtools.crest.model.design.storage.oracle.v10g.FKProxyOraclev10g" name="ESPECIE" id="D131241C-2186-0CA9-6222-DFCAB2547D17">
<createdBy>miguel</createdBy>
<createdTime>2023-10-22 17:14:13 UTC</createdTime>
<ownerDesignName>vuelos</ownerDesignName>
</ForeignKey>
</foreignKeys>
<primaryKeys>
<PrimaryKey class="oracle.dbtools.crest.model.design.storage.oracle.v10g.PKProxyOraclev10g" name="INTELIGENTES_PK" id="AF437BFB-ED6C-938F-C945-55A815A60958">
<createdBy>miguel</createdBy>
<createdTime>2023-10-22 17:14:13 UTC</createdTime>
<ownerDesignName>vuelos</ownerDesignName>
<segment>0F35CE34-1B7A-2B31-B23F-9B6A227968E0</segment>
<tableSpace>B7A7F391-E758-E68D-88E8-E40D3BCF5161</tableSpace>
<existingIndex>65FDC023-72D5-0A76-F37B-2667B4B0E406</existingIndex>
<indexSegment>0F35CE34-1B7A-2B31-B23F-9B6A227968E0</indexSegment>
<indexSort>SORTED</indexSort>
<usingIndex>BY INDEX NAME</usingIndex>
</PrimaryKey>
</primaryKeys>
</TableProxyOraclev12c>