<?xml version = '1.0' encoding = 'UTF-8'?>
<TableProxyOraclev12c class="oracle.dbtools.crest.model.design.storage.oracle.v12c.TableProxyOraclev12c" name="ESCALAS" directorySegmentName="seg_0" id="D994139D-D2BC-557C-7790-6C8F7C8EBDB3">
<createdBy>miguel</createdBy>
<createdTime>2023-10-22 17:14:12 UTC</createdTime>
<ownerDesignName>vuelos</ownerDesignName>
<schemaObject>32D4ADDF-0667-287D-C6E9-58B94602981C</schemaObject>
<logging>YES</logging>
<partitionedRowMovement>DISABLE</partitionedRowMovement>
<segment>589CFD07-B917-7EE0-8F66-E97019CF81C9</segment>
<tableSpace>B7A7F391-E758-E68D-88E8-E40D3BCF5161</tableSpace>
<temporaryChanged>false</temporaryChanged>
<accessDriverType>oracle_loader</accessDriverType>
<rejectLimit></rejectLimit>
<inMemory>NO</inMemory>
<columnProxies itemClass="oracle.dbtools.crest.model.design.storage.oracle.v12c.ColumnProxyOraclev12c">
<ColumnProxy name="NUM_PARADA" id="145BFD18-C45E-942E-811A-5AC3C5080F82">
<createdBy>miguel</createdBy>
<createdTime>2023-10-22 17:14:12 UTC</createdTime>
<ownerDesignName>vuelos</ownerDesignName>
</ColumnProxy>
<ColumnProxy name="PLANETA_PARADA" id="16E32D3A-9745-0911-E14B-56A7AED1C5A2">
<createdBy>miguel</createdBy>
<createdTime>2023-10-22 17:14:12 UTC</createdTime>
<ownerDesignName>vuelos</ownerDesignName>
</ColumnProxy>
<ColumnProxy name="VUELO" id="C9B39159-A025-E583-45E0-781F63A55E66">
<createdBy>miguel</createdBy>
<createdTime>2023-10-22 17:14:12 UTC</createdTime>
<ownerDesignName>vuelos</ownerDesignName>
</ColumnProxy>
<ColumnProxy name="DURACION_PARADA" id="ECBEB9EC-59F0-3569-1C15-2818E2E64E4E">
<createdBy>miguel</createdBy>
<createdTime>2023-10-22 17:14:12 UTC</createdTime>
<ownerDesignName>vuelos</ownerDesignName>
</ColumnProxy>
</columnProxies>
<foreignKeys>
<ForeignKey class="oracle.dbtools.crest.model.design.storage.oracle.v10g.FKProxyOraclev10g" name="SYS_C00667521" id="96B238B6-D018-3E02-4C37-BBA5CA54B918">
<createdBy>miguel</createdBy>
<createdTime>2023-10-22 17:14:13 UTC</createdTime>
<ownerDesignName>vuelos</ownerDesignName>
</ForeignKey>
<ForeignKey class="oracle.dbtools.crest.model.design.storage.oracle.v10g.FKProxyOraclev10g" name="SYS_C00667522" id="C80863E2-1F82-3D64-4DE5-67FDF7B52C8A">
<createdBy>miguel</createdBy>
<createdTime>2023-10-22 17:14:13 UTC</createdTime>
<ownerDesignName>vuelos</ownerDesignName>
</ForeignKey>
</foreignKeys>
<primaryKeys>
<PrimaryKey class="oracle.dbtools.crest.model.design.storage.oracle.v10g.PKProxyOraclev10g" name="ESCALAS_PK" id="42369F0E-D533-6856-ECE3-3C65EF072A72">
<createdBy>miguel</createdBy>
<createdTime>2023-10-22 17:14:13 UTC</createdTime>
<ownerDesignName>vuelos</ownerDesignName>
<schemaObject>32D4ADDF-0667-287D-C6E9-58B94602981C</schemaObject>
<segment>0F35CE34-1B7A-2B31-B23F-9B6A227968E0</segment>
<tableSpace>B7A7F391-E758-E68D-88E8-E40D3BCF5161</tableSpace>
<indexSegment>0F35CE34-1B7A-2B31-B23F-9B6A227968E0</indexSegment>
<indexSort>SORTED</indexSort>
<usingIndex>BY INDEX NAME</usingIndex>
</PrimaryKey>
</primaryKeys>
</TableProxyOraclev12c>