<?xml version = '1.0' encoding = 'UTF-8'?>
<FKIndexAssociation class="oracle.dbtools.crest.model.design.relational.FKIndexAssociation" directorySegmentName="seg_0" id="271BAC78-EB68-300A-004A-5CE41C55F255" containerWithKeyObject="14294204-A240-08A8-03D7-80B1E060F599" localFKIndex="5469C569-7546-6828-3BE4-C6FE63E0C5CC" name="NOM_APLICACION">
<sourceConnName>afrodita</sourceConnName>
<sourceObjSchema>UBD4432</sourceObjSchema>
<sourceObjName>NOM_APLICACION</sourceObjName>
<createdBy>miguel</createdBy>
<createdTime>2023-10-25 09:38:06 UTC</createdTime>
<ownerDesignName>paginas_y_documentos</ownerDesignName>
<referredTableLongName>UBD4432.APLICACIONES</referredTableLongName>
<deleteRule>NO ACTION</deleteRule>
<referredTableID>FAD74045-20CE-ACBB-621A-71080C2B483C</referredTableID>
<keyObject>8D2BAA46-22C6-D284-8018-141EE93921DC</keyObject>
<referredKeyID>8D2BAA46-22C6-D284-8018-141EE93921DC</referredKeyID>
<mandatory>true</mandatory>
<refColNames>NOMBRE_APLIC</refColNames>
<transferable>true</transferable>
<rely>false</rely>
<columnDependencyConstraintGenerateInDDL>true</columnDependencyConstraintGenerateInDDL>
</FKIndexAssociation>