<?xml version = '1.0' encoding = 'UTF-8'?>
<InheritanceRelation class="oracle.dbtools.crest.model.design.logical.InheritanceRelation" name="Hierarchy_1" directorySegmentName="seg_0" id="A3C480BB-8E39-4F44-D2BA-6EC3DAC2782D">
<createdBy>miguel</createdBy>
<createdTime>2023-10-04 12:25:43 UTC</createdTime>
<ownerDesignName>motogp</ownerDesignName>
<engineerTo>
<item key="28BB3FBA-236C-88AA-8939-6DA6265F59B1" value="true"/>
</engineerTo>
<identifying>false</identifying>
<nameOnSource>Super Type</nameOnSource>
<nameOnTarget>Sub Type</nameOnTarget>
<optionalSource>true</optionalSource>
<optionalTarget>true</optionalTarget>
<sourceEntity>5F39874A-0AF9-ADA8-0FD0-82ECAF3F5A96</sourceEntity>
<targetEntity>195EDF8B-3766-92CF-1EFC-3677EBD52286</targetEntity>
<transferable>true</transferable>
<deleteRule>NO ACTION</deleteRule>
</InheritanceRelation>
