<?xml version = '1.0' encoding = 'UTF-8'?>
<Table class="oracle.dbtools.crest.model.design.relational.Table" directorySegmentName="seg_0" id="C50022EE-9CD0-EC1A-8ACE-46ECCCD5EC91" name="CARRERA">
<createdBy>miguel</createdBy>
<createdTime>2023-10-04 12:11:28 UTC</createdTime>
<ownerDesignName>motogp</ownerDesignName>
<allowColumnReorder>false</allowColumnReorder>
<existDependencyGenerateInDDl>true</existDependencyGenerateInDDl>
<parsed>true</parsed>
<columns itemClass="oracle.dbtools.crest.model.design.relational.Column">
<Column name="CIRCUITO_nombre" id="76549644-FAB2-D03C-045D-8C10DED0316A">
<createdBy>miguel</createdBy>
<createdTime>2023-10-04 12:11:28 UTC</createdTime>
<ownerDesignName>motogp</ownerDesignName>
<useDomainConstraints>false</useDomainConstraints>
<use>1</use>
<logicalDatatype>LOGDT024</logicalDatatype>
<dataTypeSize>20 CHAR</dataTypeSize>
<ownDataTypeParameters>20 CHAR,,</ownDataTypeParameters>
<previousColumn>false</previousColumn>
<autoIncrementCycle>false</autoIncrementCycle>
<associations>
<colAssociation fkAssociation="D28E4551-C082-D669-E53C-32AA829DC385" referredColumn="CD45BEFE-8644-272D-B17C-357B1B95549C"/>
</associations>
</Column>
<Column name="PILOTO_NOMBRE" id="BF5373C3-447A-17F9-5D11-B58AE0EC8DD5">
<createdBy>miguel</createdBy>
<createdTime>2023-10-04 12:11:28 UTC</createdTime>
<ownerDesignName>motogp</ownerDesignName>
<useDomainConstraints>false</useDomainConstraints>
<use>1</use>
<logicalDatatype>LOGDT024</logicalDatatype>
<dataTypeSize>20 CHAR</dataTypeSize>
<ownDataTypeParameters>20 CHAR,,</ownDataTypeParameters>
<previousColumn>false</previousColumn>
<autoIncrementCycle>false</autoIncrementCycle>
<associations>
<colAssociation fkAssociation="8E941857-C745-4439-1F78-5BA0FA261A76" referredColumn="0E9D7B1D-D1B4-B603-2105-208F789513A3"/>
</associations>
</Column>
<Column name="tipo_neumatico_delantero" id="EA0E0E8F-9335-9EDF-BCC7-241B19A1898B">
<createdBy>miguel</createdBy>
<createdTime>2023-10-04 12:11:28 UTC</createdTime>
<generatorID>AC71C1E4-0F01-EC6D-443E-E3EAC1E357C7</generatorID>
<ownerDesignName>motogp</ownerDesignName>
<nullsAllowed>true</nullsAllowed>
<useDomainConstraints>false</useDomainConstraints>
<use>1</use>
<logicalDatatype>LOGDT024</logicalDatatype>
<dataTypeSize>20</dataTypeSize>
<ownDataTypeParameters>20,,</ownDataTypeParameters>
<autoIncrementCycle>false</autoIncrementCycle>
<isRelationshipColumn>true</isRelationshipColumn>
</Column>
<Column name="tipo_neumatico_trasero" id="608F5DF4-DB51-2AC8-D269-4C7362BCC90A">
<createdBy>miguel</createdBy>
<createdTime>2023-10-04 12:11:28 UTC</createdTime>
<generatorID>3EE1567D-1580-2186-4E0E-3AB5B5A7624F</generatorID>
<ownerDesignName>motogp</ownerDesignName>
<nullsAllowed>true</nullsAllowed>
<useDomainConstraints>false</useDomainConstraints>
<use>1</use>
<logicalDatatype>LOGDT024</logicalDatatype>
<dataTypeSize>20</dataTypeSize>
<ownDataTypeParameters>20,,</ownDataTypeParameters>
<autoIncrementCycle>false</autoIncrementCycle>
<isRelationshipColumn>true</isRelationshipColumn>
</Column>
<Column name="caida" id="F899EFF6-587C-8629-FF5C-F236C95A737E">
<createdBy>miguel</createdBy>
<createdTime>2023-10-04 12:11:28 UTC</createdTime>
<generatorID>EF91338C-92BC-E26C-48C7-FD84460B40AC</generatorID>
<ownerDesignName>motogp</ownerDesignName>
<nullsAllowed>true</nullsAllowed>
<useDomainConstraints>false</useDomainConstraints>
<use>1</use>
<logicalDatatype>LOGDT006</logicalDatatype>
<ownDataTypeParameters>,,</ownDataTypeParameters>
<autoIncrementCycle>false</autoIncrementCycle>
<isRelationshipColumn>true</isRelationshipColumn>
</Column>
<Column name="tiempo" id="CCFE77AF-3B26-7B33-8400-8EEB4551E1F3">
<createdBy>miguel</createdBy>
<createdTime>2023-10-04 12:11:28 UTC</createdTime>
<generatorID>A668DFF2-396C-18B0-4F7E-DF350BECCB06</generatorID>
<ownerDesignName>motogp</ownerDesignName>
<nullsAllowed>true</nullsAllowed>
<useDomainConstraints>false</useDomainConstraints>
<use>1</use>
<logicalDatatype>LOGDT026</logicalDatatype>
<ownDataTypeParameters>,,</ownDataTypeParameters>
<autoIncrementCycle>false</autoIncrementCycle>
<isRelationshipColumn>true</isRelationshipColumn>
</Column>
<Column name="puntuación" id="137CB655-D25D-12E1-FB8A-55BC2EEF83C7">
<createdBy>miguel</createdBy>
<createdTime>2023-10-04 12:11:28 UTC</createdTime>
<generatorID>09CD8D6F-3319-690C-5E8D-B210C41F12CA</generatorID>
<ownerDesignName>motogp</ownerDesignName>
<nullsAllowed>true</nullsAllowed>
<useDomainConstraints>false</useDomainConstraints>
<use>1</use>
<logicalDatatype>LOGDT026</logicalDatatype>
<ownDataTypeParameters>,,</ownDataTypeParameters>
<autoIncrementCycle>false</autoIncrementCycle>
<isRelationshipColumn>true</isRelationshipColumn>
</Column>
</columns>
<indexes itemClass="oracle.dbtools.crest.model.design.relational.Index">
<ind_PK_UK id="C8CDF2A9-3996-465C-87BF-F9F96BF4A207" name="CARRERA_PKv1">
<createdBy>miguel</createdBy>
<createdTime>2023-10-04 12:11:28 UTC</createdTime>
<ownerDesignName>motogp</ownerDesignName>
<pk>true</pk>
<indexState>Primary Constraint</indexState>
<isSurrogateKey>false</isSurrogateKey>
<indexColumnUsage>
<colUsage columnID="76549644-FAB2-D03C-045D-8C10DED0316A"/>
<colUsage columnID="BF5373C3-447A-17F9-5D11-B58AE0EC8DD5"/>
</indexColumnUsage>
</ind_PK_UK>
<ind_PK_UK id="7682CDD2-7F6F-3B36-289C-7514CF59AB0B" name="CARRERA_CIRCUITO_FK">
<createdBy>miguel</createdBy>
<createdTime>2023-10-04 12:11:28 UTC</createdTime>
<generatorID>7C784C75-A3ED-7859-04BF-984C63E6510B</generatorID>
<ownerDesignName>motogp</ownerDesignName>
<indexState>Foreign Key</indexState>
<isSurrogateKey>false</isSurrogateKey>
<indexColumnUsage>
<colUsage columnID="76549644-FAB2-D03C-045D-8C10DED0316A"/>
</indexColumnUsage>
</ind_PK_UK>
<ind_PK_UK id="5963097B-E84A-7EC2-6798-6AB12F32E46F" name="CARRERA_PILOTO_FK">
<createdBy>miguel</createdBy>
<createdTime>2023-10-04 12:11:28 UTC</createdTime>
<generatorID>7C784C75-A3ED-7859-04BF-984C63E6510B</generatorID>
<ownerDesignName>motogp</ownerDesignName>
<indexState>Foreign Key</indexState>
<isSurrogateKey>false</isSurrogateKey>
<indexColumnUsage>
<colUsage columnID="BF5373C3-447A-17F9-5D11-B58AE0EC8DD5"/>
</indexColumnUsage>
</ind_PK_UK>
</indexes>
</Table>
