<?xml version = '1.0' encoding = 'UTF-8'?>
<Relation class="oracle.dbtools.crest.model.design.logical.Relation" name="EQUIPO_EMPLEADOv2" directorySegmentName="seg_0" id="3FA70B27-F4A0-6789-8D9F-375CA1787A76">
<createdBy>miguel</createdBy>
<createdTime>2023-10-04 12:28:42 UTC</createdTime>
<ownerDesignName>motogp</ownerDesignName>
<engineerTo>
<item key="28BB3FBA-236C-88AA-8939-6DA6265F59B1" value="true"/>
</engineerTo>
<sourcePk>B5D597E6-5AD1-6475-9A55-B16A77553134</sourcePk>
<identifying>true</identifying>
<nameOnSource>TRABAJA</nameOnSource>
<nameOnTarget>PERTENECE A</nameOnTarget>
<optionalSource>true</optionalSource>
<optionalTarget>false</optionalTarget>
<sourceCardinality>1</sourceCardinality>
<sourceEntity>5F39874A-0AF9-ADA8-0FD0-82ECAF3F5A96</sourceEntity>
<targetCardinalityString>*</targetCardinalityString>
<targetEntity>4E0CCF71-8EC5-652F-1FE9-C6E02458F396</targetEntity>
<transferable>true</transferable>
<deleteRule>NO ACTION</deleteRule>
</Relation>
