<?xml version = '1.0' encoding = 'UTF-8'?>
<Relation class="oracle.dbtools.crest.model.design.logical.Relation" name="ACTO_PILOTO_ACTO_PUBLICO_FK" directorySegmentName="seg_0" id="44D31DE8-84BB-FC63-9AAE-CFB79CD0A6F4">
<createdBy>miguel</createdBy>
<createdTime>2023-10-04 10:08:47 UTC</createdTime>
<generatorID>70D67989-EBBA-2DFF-B897-001A60425DC8</generatorID>
<ownerDesignName>motogp</ownerDesignName>
<engineerTo>
<item key="28BB3FBA-236C-88AA-8939-6DA6265F59B1" value="true"/>
</engineerTo>
<sourcePk>2180C430-32B5-C4AC-B2D8-EB876FB09B1E</sourcePk>
<identifying>true</identifying>
<optionalSource>true</optionalSource>
<optionalTarget>false</optionalTarget>
<sourceCardinality>1</sourceCardinality>
<sourceEntity>0B285C0A-4386-E41A-1804-23254DF541CA</sourceEntity>
<targetCardinalityString>*</targetCardinalityString>
<targetEntity>B94FFF2A-176C-8108-D110-2C079573C67F</targetEntity>
<transferable>true</transferable>
<deleteRule>NO ACTION</deleteRule>
</Relation>
