<?xml version = '1.0' encoding = 'UTF-8'?>
<Relation class="oracle.dbtools.crest.model.design.logical.Relation" name="TIEMPOS" directorySegmentName="seg_0" id="5269405F-FB88-8A5B-FF5F-025E0E21FAB0">
<createdBy>miguel</createdBy>
<createdTime>2023-10-04 12:13:42 UTC</createdTime>
<ownerDesignName>motogp</ownerDesignName>
<engineerTo>
<item key="28BB3FBA-236C-88AA-8939-6DA6265F59B1" value="true"/>
</engineerTo>
<identifying>false</identifying>
<optionalSource>false</optionalSource>
<optionalTarget>false</optionalTarget>
<sourceCardinality>*</sourceCardinality>
<sourceEntity>7E66A0A1-1A7F-6B00-FE64-5FD95BB27AF4</sourceEntity>
<targetCardinalityString>*</targetCardinalityString>
<targetEntity>2F66B439-0E57-4EA4-2FDD-7908AD8DB9E7</targetEntity>
<transferable>true</transferable>
<deleteRule>NO ACTION</deleteRule>
<attributes itemClass="oracle.dbtools.crest.model.design.logical.Attribute">
<attribute name="vuelta" id="7F399D63-3AE6-EFC1-FAF1-C2559DDA5F5B">
<createdBy>miguel</createdBy>
<createdTime>2023-10-04 12:13:55 UTC</createdTime>
<ownerDesignName>motogp</ownerDesignName>
<engineerTo>
<item key="28BB3FBA-236C-88AA-8939-6DA6265F59B1" value="true"/>
</engineerTo>
<useDomainConstraints>false</useDomainConstraints>
<use>1</use>
<logicalDatatype>LOGDT011</logicalDatatype>
<ownDataTypeParameters>,,</ownDataTypeParameters>
</attribute>
<attribute name="tiempo" id="896487DE-92AB-53B7-20B6-16922BC230F3">
<createdBy>miguel</createdBy>
<createdTime>2023-10-04 12:14:13 UTC</createdTime>
<ownerDesignName>motogp</ownerDesignName>
<engineerTo>
<item key="28BB3FBA-236C-88AA-8939-6DA6265F59B1" value="true"/>
</engineerTo>
<nullsAllowed>true</nullsAllowed>
<useDomainConstraints>false</useDomainConstraints>
<use>1</use>
<logicalDatatype>LOGDT026</logicalDatatype>
<ownDataTypeParameters>,,</ownDataTypeParameters>
</attribute>
</attributes>
</Relation>
