<?xml version = '1.0' encoding = 'UTF-8'?>
<Relation class="oracle.dbtools.crest.model.design.logical.Relation" name="CARRERA" directorySegmentName="seg_0" id="7C784C75-A3ED-7859-04BF-984C63E6510B">
<createdBy>miguel</createdBy>
<createdTime>2023-10-04 12:09:56 UTC</createdTime>
<ownerDesignName>motogp</ownerDesignName>
<engineerTo>
<item key="28BB3FBA-236C-88AA-8939-6DA6265F59B1" value="true"/>
</engineerTo>
<identifying>false</identifying>
<optionalSource>false</optionalSource>
<optionalTarget>false</optionalTarget>
<sourceCardinality>*</sourceCardinality>
<sourceEntity>4B8C9CC6-B07D-9DBD-AD8F-34BCF32E460A</sourceEntity>
<targetCardinalityString>*</targetCardinalityString>
<targetEntity>2F66B439-0E57-4EA4-2FDD-7908AD8DB9E7</targetEntity>
<transferable>true</transferable>
<deleteRule>NO ACTION</deleteRule>
<attributes itemClass="oracle.dbtools.crest.model.design.logical.Attribute">
<attribute name="tipo neumatico delantero" id="AC71C1E4-0F01-EC6D-443E-E3EAC1E357C7">
<createdBy>miguel</createdBy>
<createdTime>2023-10-04 12:10:21 UTC</createdTime>
<ownerDesignName>motogp</ownerDesignName>
<engineerTo>
<item key="28BB3FBA-236C-88AA-8939-6DA6265F59B1" value="true"/>
</engineerTo>
<nullsAllowed>true</nullsAllowed>
<useDomainConstraints>false</useDomainConstraints>
<use>1</use>
<logicalDatatype>LOGDT024</logicalDatatype>
<dataTypeSize>20</dataTypeSize>
<ownDataTypeParameters>20,,</ownDataTypeParameters>
</attribute>
<attribute name="tipo neumatico trasero" id="3EE1567D-1580-2186-4E0E-3AB5B5A7624F">
<createdBy>miguel</createdBy>
<createdTime>2023-10-04 12:10:34 UTC</createdTime>
<ownerDesignName>motogp</ownerDesignName>
<engineerTo>
<item key="28BB3FBA-236C-88AA-8939-6DA6265F59B1" value="true"/>
</engineerTo>
<nullsAllowed>true</nullsAllowed>
<useDomainConstraints>false</useDomainConstraints>
<use>1</use>
<logicalDatatype>LOGDT024</logicalDatatype>
<dataTypeSize>20</dataTypeSize>
<ownDataTypeParameters>20,,</ownDataTypeParameters>
</attribute>
<attribute name="caida" id="EF91338C-92BC-E26C-48C7-FD84460B40AC">
<createdBy>miguel</createdBy>
<createdTime>2023-10-04 12:10:43 UTC</createdTime>
<ownerDesignName>motogp</ownerDesignName>
<engineerTo>
<item key="28BB3FBA-236C-88AA-8939-6DA6265F59B1" value="true"/>
</engineerTo>
<nullsAllowed>true</nullsAllowed>
<useDomainConstraints>false</useDomainConstraints>
<use>1</use>
<logicalDatatype>LOGDT006</logicalDatatype>
<ownDataTypeParameters>,,</ownDataTypeParameters>
</attribute>
<attribute name="tiempo" id="A668DFF2-396C-18B0-4F7E-DF350BECCB06">
<createdBy>miguel</createdBy>
<createdTime>2023-10-04 12:10:51 UTC</createdTime>
<ownerDesignName>motogp</ownerDesignName>
<engineerTo>
<item key="28BB3FBA-236C-88AA-8939-6DA6265F59B1" value="true"/>
</engineerTo>
<nullsAllowed>true</nullsAllowed>
<useDomainConstraints>false</useDomainConstraints>
<use>1</use>
<logicalDatatype>LOGDT026</logicalDatatype>
<ownDataTypeParameters>,,</ownDataTypeParameters>
</attribute>
<attribute name="puntuación" id="09CD8D6F-3319-690C-5E8D-B210C41F12CA">
<createdBy>miguel</createdBy>
<createdTime>2023-10-04 12:11:04 UTC</createdTime>
<ownerDesignName>motogp</ownerDesignName>
<engineerTo>
<item key="28BB3FBA-236C-88AA-8939-6DA6265F59B1" value="true"/>
</engineerTo>
<nullsAllowed>true</nullsAllowed>
<useDomainConstraints>false</useDomainConstraints>
<use>1</use>
<logicalDatatype>LOGDT026</logicalDatatype>
<ownDataTypeParameters>,,</ownDataTypeParameters>
</attribute>
</attributes>
</Relation>
