<?xml version = '1.0' encoding = 'UTF-8'?>
<FKIndexAssociation class="oracle.dbtools.crest.model.design.relational.FKIndexAssociation" directorySegmentName="seg_0" id="38B53FF0-A59F-201C-B8F7-76EB06C03797" containerWithKeyObject="CFB744EC-79FF-4534-F98F-D84669D88CB2" localFKIndex="FB682F42-DA52-3812-DFB9-5E213EE9FE65" name="SYS_C00667518">
<sourceConnName>afrodita</sourceConnName>
<sourceObjSchema>UBD4432</sourceObjSchema>
<sourceObjName>SYS_C00667518</sourceObjName>
<createdBy>miguel</createdBy>
<createdTime>2023-10-22 17:14:13 UTC</createdTime>
<ownerDesignName>vuelos</ownerDesignName>
<referredTableLongName>UBD4432.PLANETA</referredTableLongName>
<deleteRule>NO ACTION</deleteRule>
<referredTableID>D6AB032F-1D6B-F985-0C36-297D0DB8BAED</referredTableID>
<keyObject>4C058A18-83B9-2862-4792-048A16D88E21</keyObject>
<referredKeyID>4C058A18-83B9-2862-4792-048A16D88E21</referredKeyID>
<mandatory>false</mandatory>
<refColNames>CODIGO</refColNames>
<transferable>true</transferable>
<rely>false</rely>
<columnDependencyConstraintGenerateInDDL>true</columnDependencyConstraintGenerateInDDL>
</FKIndexAssociation>