<?xml version = '1.0' encoding = 'UTF-8'?>
<FKIndexAssociation class="oracle.dbtools.crest.model.design.relational.FKIndexAssociation" directorySegmentName="seg_0" id="B413CBFE-E622-FA12-F5A8-59D8E5179593" containerWithKeyObject="D6AB032F-1D6B-F985-0C36-297D0DB8BAED" localFKIndex="9A5EF9A2-CB90-5AEE-2D48-9CE18A72027C" name="DIO_ORIGEN">
<sourceConnName>afrodita</sourceConnName>
<sourceObjSchema>UBD4432</sourceObjSchema>
<sourceObjName>DIO_ORIGEN</sourceObjName>
<createdBy>miguel</createdBy>
<createdTime>2023-10-22 17:14:13 UTC</createdTime>
<ownerDesignName>vuelos</ownerDesignName>
<referredTableLongName>UBD4432.INTELIGENTES</referredTableLongName>
<deleteRule>NO ACTION</deleteRule>
<referredTableID>28025B3E-9C48-9834-B2AF-97D29D0C2411</referredTableID>
<keyObject>AF437BFB-ED6C-938F-C945-55A815A60958</keyObject>
<referredKeyID>AF437BFB-ED6C-938F-C945-55A815A60958</referredKeyID>
<mandatory>false</mandatory>
<refColNames>ESPECIE</refColNames>
<transferable>true</transferable>
<rely>false</rely>
<columnDependencyConstraintGenerateInDDL>true</columnDependencyConstraintGenerateInDDL>
</FKIndexAssociation>