<?xml version = '1.0' encoding = 'UTF-8'?>
<Table class="oracle.dbtools.crest.model.design.relational.Table" directorySegmentName="seg_0" id="2ACB6A56-01A2-009E-8EAC-21F7CD37E9CD" name="USUARIO">
<createdBy>miguel</createdBy>
<createdTime>2023-10-06 15:18:33 UTC</createdTime>
<generatorID>F7C4F6D0-C76A-1E24-E03C-6863D9ABCED4</generatorID>
<ownerDesignName>foro</ownerDesignName>
<allowColumnReorder>false</allowColumnReorder>
<existDependencyGenerateInDDl>true</existDependencyGenerateInDDl>
<parsed>true</parsed>
<columns itemClass="oracle.dbtools.crest.model.design.relational.Column">
<Column name="codigo" id="D8BB189B-8B4B-17F2-F63B-49B6123EE80A">
<createdBy>miguel</createdBy>
<createdTime>2023-10-06 15:18:33 UTC</createdTime>
<generatorID>373F5380-DA54-E956-8565-83923438895C</generatorID>
<ownerDesignName>foro</ownerDesignName>
<useDomainConstraints>false</useDomainConstraints>
<use>1</use>
<logicalDatatype>LOGDT011</logicalDatatype>
<ownDataTypeParameters>,,</ownDataTypeParameters>
<autoIncrementCycle>false</autoIncrementCycle>
</Column>
<Column name="email" id="2625241A-1A46-F054-E21C-DEE8226E075F">
<createdBy>miguel</createdBy>
<createdTime>2023-10-06 15:18:33 UTC</createdTime>
<generatorID>C4147DDA-3D6E-57B0-A3BB-EE3F7EBF6CF5</generatorID>
<ownerDesignName>foro</ownerDesignName>
<nullsAllowed>true</nullsAllowed>
<useDomainConstraints>false</useDomainConstraints>
<use>1</use>
<logicalDatatype>LOGDT024</logicalDatatype>
<dataTypeSize>40 CHAR</dataTypeSize>
<ownDataTypeParameters>40 CHAR,,</ownDataTypeParameters>
<autoIncrementCycle>false</autoIncrementCycle>
</Column>
<Column name="alias" id="3AC5D9E8-55B6-3BB4-F186-39A1EA7E3569">
<createdBy>miguel</createdBy>
<createdTime>2023-10-06 15:18:33 UTC</createdTime>
<generatorID>1179CC06-4D3D-5CCC-CF98-838E75A65498</generatorID>
<ownerDesignName>foro</ownerDesignName>
<nullsAllowed>true</nullsAllowed>
<useDomainConstraints>false</useDomainConstraints>
<use>1</use>
<logicalDatatype>LOGDT024</logicalDatatype>
<dataTypeSize>40 CHAR</dataTypeSize>
<ownDataTypeParameters>40 CHAR,,</ownDataTypeParameters>
<autoIncrementCycle>false</autoIncrementCycle>
</Column>
<Column name="password" id="5B388551-A5E0-64F5-79F0-A26E372DFBCD">
<createdBy>miguel</createdBy>
<createdTime>2023-10-06 15:18:33 UTC</createdTime>
<generatorID>E2D25A39-B294-0205-AB6E-C7FBEFDE96FF</generatorID>
<ownerDesignName>foro</ownerDesignName>
<useDomainConstraints>false</useDomainConstraints>
<use>1</use>
<logicalDatatype>LOGDT024</logicalDatatype>
<dataTypeSize>40 CHAR</dataTypeSize>
<ownDataTypeParameters>40 CHAR,,</ownDataTypeParameters>
<autoIncrementCycle>false</autoIncrementCycle>
</Column>
<Column name="ciudad" id="66140183-50A4-D57C-5881-1F2179B49628">
<createdBy>miguel</createdBy>
<createdTime>2023-10-06 15:18:33 UTC</createdTime>
<generatorID>72C957B2-3D4B-AD30-2D86-C2DC4C50A52D</generatorID>
<ownerDesignName>foro</ownerDesignName>
<nullsAllowed>true</nullsAllowed>
<useDomainConstraints>false</useDomainConstraints>
<use>1</use>
<logicalDatatype>LOGDT024</logicalDatatype>
<dataTypeSize>20 CHAR</dataTypeSize>
<ownDataTypeParameters>20 CHAR,,</ownDataTypeParameters>
<autoIncrementCycle>false</autoIncrementCycle>
</Column>
<Column name="firma" id="9A822144-D7A6-D25F-CFAF-71C63DAB3CA1">
<createdBy>miguel</createdBy>
<createdTime>2023-10-06 15:18:33 UTC</createdTime>
<generatorID>76ECACF9-9B1F-1B8E-4DA4-B425009F7986</generatorID>
<ownerDesignName>foro</ownerDesignName>
<nullsAllowed>true</nullsAllowed>
<useDomainConstraints>false</useDomainConstraints>
<use>1</use>
<logicalDatatype>LOGDT024</logicalDatatype>
<dataTypeSize>40 CHAR</dataTypeSize>
<ownDataTypeParameters>40 CHAR,,</ownDataTypeParameters>
<autoIncrementCycle>false</autoIncrementCycle>
</Column>
<Column name="avatar" id="35AD6814-D785-C63B-7EE8-9602B36C44E6">
<createdBy>miguel</createdBy>
<createdTime>2023-10-06 15:18:33 UTC</createdTime>
<generatorID>BA257868-7B5D-5BFA-5295-51B0158C26DD</generatorID>
<ownerDesignName>foro</ownerDesignName>
<nullsAllowed>true</nullsAllowed>
<useDomainConstraints>false</useDomainConstraints>
<use>1</use>
<logicalDatatype>LOGDT024</logicalDatatype>
<dataTypeSize>40 CHAR</dataTypeSize>
<ownDataTypeParameters>40 CHAR,,</ownDataTypeParameters>
<autoIncrementCycle>false</autoIncrementCycle>
</Column>
<Column name="activo" id="A16CCB47-E712-0AB6-7661-D2E65E1B6A8D">
<createdBy>miguel</createdBy>
<createdTime>2023-10-06 15:18:33 UTC</createdTime>
<generatorID>4BC3BD22-71EC-16D0-A780-FAF3B82712CE</generatorID>
<ownerDesignName>foro</ownerDesignName>
<nullsAllowed>true</nullsAllowed>
<useDomainConstraints>false</useDomainConstraints>
<use>1</use>
<logicalDatatype>LOGDT006</logicalDatatype>
<dataTypeSize>1</dataTypeSize>
<ownDataTypeParameters>1,,</ownDataTypeParameters>
<autoIncrementCycle>false</autoIncrementCycle>
</Column>
<Column name="estado" id="001E397A-CE00-1F77-4E7C-5250EE3C9F0D">
<createdBy>miguel</createdBy>
<createdTime>2023-10-06 15:18:33 UTC</createdTime>
<generatorID>54D6040B-3D1F-EA59-2950-3F745910B35F</generatorID>
<ownerDesignName>foro</ownerDesignName>
<nullsAllowed>true</nullsAllowed>
<useDomainConstraints>false</useDomainConstraints>
<use>1</use>
<logicalDatatype>LOGDT006</logicalDatatype>
<dataTypeSize>1</dataTypeSize>
<ownDataTypeParameters>1,,</ownDataTypeParameters>
<autoIncrementCycle>false</autoIncrementCycle>
</Column>
<Column name="fecha_alta" id="83753B48-1C97-AE1D-3844-D2463913551A">
<createdBy>miguel</createdBy>
<createdTime>2023-10-06 15:18:33 UTC</createdTime>
<generatorID>3BEABEC2-187C-D9B3-9694-B90E005ECDB5</generatorID>
<ownerDesignName>foro</ownerDesignName>
<nullsAllowed>true</nullsAllowed>
<useDomainConstraints>false</useDomainConstraints>
<use>1</use>
<logicalDatatype>LOGDT007</logicalDatatype>
<ownDataTypeParameters>,,</ownDataTypeParameters>
<autoIncrementCycle>false</autoIncrementCycle>
</Column>
<Column name="web_personal" id="0B14BD7B-555E-DD46-55CC-EF3110FF1BFF">
<createdBy>miguel</createdBy>
<createdTime>2023-10-06 15:18:33 UTC</createdTime>
<generatorID>CE936E4D-FFB2-9226-BB2D-5CD11A7688CA</generatorID>
<ownerDesignName>foro</ownerDesignName>
<nullsAllowed>true</nullsAllowed>
<useDomainConstraints>false</useDomainConstraints>
<use>1</use>
<logicalDatatype>LOGDT024</logicalDatatype>
<dataTypeSize>40</dataTypeSize>
<ownDataTypeParameters>40,,</ownDataTypeParameters>
<autoIncrementCycle>false</autoIncrementCycle>
</Column>
<Column name="ocupacion" id="3597384D-0A7F-8251-0024-0904DB0B171C">
<createdBy>miguel</createdBy>
<createdTime>2023-10-06 15:18:33 UTC</createdTime>
<generatorID>B869B432-6FC7-9CB3-15CA-5DA30D9F8130</generatorID>
<ownerDesignName>foro</ownerDesignName>
<nullsAllowed>true</nullsAllowed>
<useDomainConstraints>false</useDomainConstraints>
<use>1</use>
<logicalDatatype>LOGDT024</logicalDatatype>
<dataTypeSize>40</dataTypeSize>
<ownDataTypeParameters>40,,</ownDataTypeParameters>
<autoIncrementCycle>false</autoIncrementCycle>
</Column>
</columns>
<indexes itemClass="oracle.dbtools.crest.model.design.relational.Index">
<ind_PK_UK id="A5449263-A2F6-2EB0-3C0B-C93F6DA40994" name="USUARIO_PK">
<createdBy>miguel</createdBy>
<createdTime>2023-10-06 15:18:33 UTC</createdTime>
<generatorID>B47E45DE-95AA-D5FA-569F-D237AAFDC970</generatorID>
<ownerDesignName>foro</ownerDesignName>
<pk>true</pk>
<indexState>Primary Constraint</indexState>
<isSurrogateKey>false</isSurrogateKey>
<indexColumnUsage>
<colUsage columnID="D8BB189B-8B4B-17F2-F63B-49B6123EE80A"/>
</indexColumnUsage>
</ind_PK_UK>
<ind_PK_UK id="A6F665E7-27ED-5FD3-56F5-9AA6C533FB32" name="USUARIO_email_UN">
<createdBy>miguel</createdBy>
<createdTime>2023-10-06 15:18:33 UTC</createdTime>
<generatorID>DB902BFE-CB94-C608-01DA-8354BF4D8DE4</generatorID>
<ownerDesignName>foro</ownerDesignName>
<indexState>Unique Constraint</indexState>
<isSurrogateKey>false</isSurrogateKey>
<indexColumnUsage>
<colUsage columnID="2625241A-1A46-F054-E21C-DEE8226E075F"/>
</indexColumnUsage>
</ind_PK_UK>
<ind_PK_UK id="6F2295D7-BF5B-7FF8-D639-8E7941D5FE54" name="USUARIO_alias_UN">
<createdBy>miguel</createdBy>
<createdTime>2023-10-06 15:18:33 UTC</createdTime>
<generatorID>16A83BC9-DE38-3FEC-54C1-DC269C6F8DC1</generatorID>
<ownerDesignName>foro</ownerDesignName>
<indexState>Unique Constraint</indexState>
<isSurrogateKey>false</isSurrogateKey>
<indexColumnUsage>
<colUsage columnID="3AC5D9E8-55B6-3BB4-F186-39A1EA7E3569"/>
</indexColumnUsage>
</ind_PK_UK>
</indexes>
</Table>
