<?xml version = '1.0' encoding = 'UTF-8'?>
<TableSpaceOraclev10g class="oracle.dbtools.crest.model.design.storage.oracle.v10g.TableSpaceOraclev10g" name="TS_ALUMNOS" directorySegmentName="seg_0" id="5D5CFB4E-538B-2FC1-8F3A-CEDD774E2899">
<sourceConnName>afrodita</sourceConnName>
<sourceObjSchema>UBD4432</sourceObjSchema>
<sourceObjName>TS_ALUMNOS</sourceObjName>
<createdBy>miguel</createdBy>
<createdTime>2023-10-04 10:08:36 UTC</createdTime>
<ownerDesignName>motogp</ownerDesignName>
<emUniformSize>0</emUniformSize>
<extentManagement>LOCAL</extentManagement>
</TableSpaceOraclev10g>
