<?xml version = '1.0' encoding = 'UTF-8'?>
<Entity class="oracle.dbtools.crest.model.design.logical.Entity" directorySegmentName="seg_0" id="F7296A7D-2342-CDE4-7888-D22233812788" name="PLANETA">
<createdBy>miguel</createdBy>
<createdTime>2023-10-22 17:14:18 UTC</createdTime>
<generatorID>D6AB032F-1D6B-F985-0C36-297D0DB8BAED</generatorID>
<ownerDesignName>vuelos</ownerDesignName>
<engineerTo>
<item key="D84D5CEE-579D-672D-4963-1D1D5B31FEA0" value="true"/>
</engineerTo>
<adequatelyNormalized>NO</adequatelyNormalized>
<expectedVolumes>0</expectedVolumes>
<fwdEngineeringStrategyName>Single Table</fwdEngineeringStrategyName>
<growthPercent>0</growthPercent>
<growthType>Year</growthType>
<maxVolumes>9999999</maxVolumes>
<minVolumes>0</minVolumes>
<normalForm>Third</normalForm>
<attributes itemClass="oracle.dbtools.crest.model.design.logical.Attribute">
<Attribute name="CODIGO" id="F026BD68-F79A-F4EF-C345-80396D0740BA">
<createdBy>miguel</createdBy>
<createdTime>2023-10-22 17:14:18 UTC</createdTime>
<generatorID>948DD256-8668-8CC9-38F2-BC75190EFF82</generatorID>
<ownerDesignName>vuelos</ownerDesignName>
<engineerTo>
<item key="D84D5CEE-579D-672D-4963-1D1D5B31FEA0" value="true"/>
</engineerTo>
<useDomainConstraints>false</useDomainConstraints>
<use>1</use>
<logicalDatatype>LOGDT019</logicalDatatype>
<dataTypePrecision>5</dataTypePrecision>
<dataTypeScale>0</dataTypeScale>
<ownDataTypeParameters>,5,0</ownDataTypeParameters>
</Attribute>
<Attribute name="NOMBRE" id="0A4FF6CC-31C5-3352-4E8F-9CEDD6B40A82">
<createdBy>miguel</createdBy>
<createdTime>2023-10-22 17:14:18 UTC</createdTime>
<generatorID>DF2ECCCE-AE1D-02DC-1FD0-A273F4E744FB</generatorID>
<ownerDesignName>vuelos</ownerDesignName>
<engineerTo>
<item key="D84D5CEE-579D-672D-4963-1D1D5B31FEA0" value="true"/>
</engineerTo>
<useDomainConstraints>false</useDomainConstraints>
<use>1</use>
<logicalDatatype>LOGDT024</logicalDatatype>
<dataTypeSize>30 BYTE</dataTypeSize>
<ownDataTypeParameters>30 BYTE,,</ownDataTypeParameters>
</Attribute>
<Attribute name="DIAMETRO" id="765A4B19-ABCC-3E1A-69A2-365B9611F697">
<createdBy>miguel</createdBy>
<createdTime>2023-10-22 17:14:18 UTC</createdTime>
<generatorID>81093EC9-7415-D6B0-8D34-0FF217FE396D</generatorID>
<ownerDesignName>vuelos</ownerDesignName>
<engineerTo>
<item key="D84D5CEE-579D-672D-4963-1D1D5B31FEA0" value="true"/>
</engineerTo>
<nullsAllowed>true</nullsAllowed>
<useDomainConstraints>false</useDomainConstraints>
<use>1</use>
<logicalDatatype>LOGDT019</logicalDatatype>
<dataTypePrecision>9</dataTypePrecision>
<dataTypeScale>0</dataTypeScale>
<ownDataTypeParameters>,9,0</ownDataTypeParameters>
</Attribute>
<Attribute name="GALAXIA" id="9100D52C-1384-DBB2-C9C0-205B112F2FDC">
<createdBy>miguel</createdBy>
<createdTime>2023-10-22 17:14:18 UTC</createdTime>
<generatorID>EEFBD691-0334-E417-5C67-06172E28F4F3</generatorID>
<ownerDesignName>vuelos</ownerDesignName>
<engineerTo>
<item key="D84D5CEE-579D-672D-4963-1D1D5B31FEA0" value="true"/>
</engineerTo>
<nullsAllowed>true</nullsAllowed>
<useDomainConstraints>false</useDomainConstraints>
<use>1</use>
<logicalDatatype>LOGDT024</logicalDatatype>
<dataTypeSize>30 BYTE</dataTypeSize>
<ownDataTypeParameters>30 BYTE,,</ownDataTypeParameters>
</Attribute>
<Attribute name="DIO ORIGEN" id="BA889F47-6D77-C09E-6721-6A2744ED2A88">
<createdBy>miguel</createdBy>
<createdTime>2023-10-22 17:14:18 UTC</createdTime>
<generatorID>57D27E23-B9A4-70C8-DA3B-CB9C339CEFA0</generatorID>
<ownerDesignName>vuelos</ownerDesignName>
<engineerTo>
<item key="D84D5CEE-579D-672D-4963-1D1D5B31FEA0" value="true"/>
</engineerTo>
<nullsAllowed>true</nullsAllowed>
<referedAttribute>86FBB53A-5CCE-6FA6-6BB3-32FC58850038</referedAttribute>
<useDomainConstraints>false</useDomainConstraints>
<use>1</use>
<logicalDatatype>LOGDT019</logicalDatatype>
<dataTypePrecision>5</dataTypePrecision>
<dataTypeScale>0</dataTypeScale>
<ownDataTypeParameters>,,</ownDataTypeParameters>
</Attribute>
</attributes>
<identifiers itemClass="oracle.dbtools.crest.model.design.logical.CandidateKey">
<identifier id="DC15B7A5-A1FF-7904-AACB-08AE20BF4B41" name="PLANETA PK">
<createdBy>miguel</createdBy>
<createdTime>2023-10-22 17:14:18 UTC</createdTime>
<generatorID>4C058A18-83B9-2862-4792-048A16D88E21</generatorID>
<ownerDesignName>vuelos</ownerDesignName>
<engineerTo>
<item key="D84D5CEE-579D-672D-4963-1D1D5B31FEA0" value="true"/>
</engineerTo>
<pk>true</pk>
<usedAttributes>
<attributeRef>F026BD68-F79A-F4EF-C345-80396D0740BA</attributeRef>
</usedAttributes>
</identifier>
</identifiers>
</Entity>