<?xml version = '1.0' encoding = 'UTF-8'?>
<relationalModel class="oracle.dbtools.crest.model.design.relational.RelationalDesign" name="Relational_1" id="70A9EB10-D09A-5FD3-5D9F-D5F7CCE1A696" mainViewID="B197C919-86E3-B3D6-9185-27EEE9D62767">
<createdBy>miguel</createdBy>
<createdTime>2023-10-25 09:36:54 UTC</createdTime>
<ownerDesignName>paginas_y_documentos</ownerDesignName>
<shouldBeOpen>false</shouldBeOpen>
<selectedRDBMSSite>79C73AAF-E1A7-E669-7DF0-025EE81A2AFC</selectedRDBMSSite>
<importConnectionStamps>
<importConnectionStamp class="oracle.dbtools.crest.imports.DBConnectionStamp">
<connName>afrodita</connName>
<connUser>UBD4432</connUser>
<connType>1</connType>
</importConnectionStamp>
</importConnectionStamps>
</relationalModel>